-- phpMyAdmin SQL Dump
-- version 4.8.5
-- https://www.phpmyadmin.net/
--
-- Host: 127.0.0.1
-- Generation Time: 01 مايو 2019 الساعة 18:27
-- إصدار الخادم: 10.1.38-MariaDB
-- PHP Version: 7.3.3

SET SQL_MODE = "NO_AUTO_VALUE_ON_ZERO";
SET AUTOCOMMIT = 0;
START TRANSACTION;
SET time_zone = "+00:00";


/*!40101 SET @OLD_CHARACTER_SET_CLIENT=@@CHARACTER_SET_CLIENT */;
/*!40101 SET @OLD_CHARACTER_SET_RESULTS=@@CHARACTER_SET_RESULTS */;
/*!40101 SET @OLD_COLLATION_CONNECTION=@@COLLATION_CONNECTION */;
/*!40101 SET NAMES utf8mb4 */;

--
-- Database: `eapi`
--

-- --------------------------------------------------------

--
-- بنية الجدول `migrations`
--

CREATE TABLE `migrations` (
  `id` int(10) UNSIGNED NOT NULL,
  `migration` varchar(191) COLLATE utf8mb4_unicode_ci NOT NULL,
  `batch` int(11) NOT NULL
) ENGINE=InnoDB DEFAULT CHARSET=utf8mb4 COLLATE=utf8mb4_unicode_ci;

--
-- إرجاع أو استيراد بيانات الجدول `migrations`
--

INSERT INTO `migrations` (`id`, `migration`, `batch`) VALUES
(1, '2014_10_12_000000_create_users_table', 1),
(2, '2014_10_12_100000_create_password_resets_table', 1),
(3, '2019_05_01_151709_create_products_table', 1);

-- --------------------------------------------------------

--
-- بنية الجدول `password_resets`
--

CREATE TABLE `password_resets` (
  `email` varchar(191) COLLATE utf8mb4_unicode_ci NOT NULL,
  `token` varchar(191) COLLATE utf8mb4_unicode_ci NOT NULL,
  `created_at` timestamp NULL DEFAULT NULL
) ENGINE=InnoDB DEFAULT CHARSET=utf8mb4 COLLATE=utf8mb4_unicode_ci;

-- --------------------------------------------------------

--
-- بنية الجدول `products`
--

CREATE TABLE `products` (
  `id` bigint(20) UNSIGNED NOT NULL,
  `name` varchar(191) COLLATE utf8mb4_unicode_ci NOT NULL,
  `details` text COLLATE utf8mb4_unicode_ci NOT NULL,
  `price` int(11) NOT NULL,
  `stock` int(11) NOT NULL DEFAULT '0',
  `discount` int(11) NOT NULL,
  `created_at` timestamp NULL DEFAULT NULL,
  `updated_at` timestamp NULL DEFAULT NULL
) ENGINE=InnoDB DEFAULT CHARSET=utf8mb4 COLLATE=utf8mb4_unicode_ci;

--
-- إرجاع أو استيراد بيانات الجدول `products`
--

INSERT INTO `products` (`id`, `name`, `details`, `price`, `stock`, `discount`, `created_at`, `updated_at`) VALUES
(1, 'in', 'At iste voluptas veniam quod. Aut culpa amet aperiam officiis dicta perferendis. Ex laudantium quia veniam. Consequatur doloribus quos sed sed quis veniam et.', 3, 0, 18, '2019-05-01 13:22:41', '2019-05-01 13:22:41'),
(2, 'veniam', 'Aliquid provident sint cupiditate ipsa quaerat consequuntur. Ut est omnis cumque deserunt minima et. Ex ipsum facilis aut tempore. Dolore mollitia sit dignissimos aliquid blanditiis amet. Illo quibusdam hic quod ipsam.', 0, 0, 14, '2019-05-01 13:22:41', '2019-05-01 13:22:41'),
(3, 'quia', 'Eius impedit ut quis necessitatibus distinctio. Sit a harum molestiae et quod. Est qui incidunt dolor adipisci cupiditate rerum nihil aspernatur.', 5, 0, 21, '2019-05-01 13:22:42', '2019-05-01 13:22:42'),
(4, 'ipsum', 'Nostrum unde cupiditate sit asperiores et sunt amet. Ea nihil est explicabo minus eveniet quia. Molestias nemo reiciendis dolore unde autem hic cumque.', 6, 0, 4, '2019-05-01 13:22:42', '2019-05-01 13:22:42'),
(5, 'optio', 'Et doloribus ut sed rerum ullam facere qui. Neque praesentium iste numquam ipsa neque culpa. Placeat et ut provident enim. Eum sit explicabo nihil.', 3, 0, 22, '2019-05-01 13:22:42', '2019-05-01 13:22:42'),
(6, 'excepturi', 'Rem qui non suscipit officiis dolorem. Vel nam minus placeat dolores aut. Quo animi non aliquam voluptatem architecto dolore velit reprehenderit. A magnam laboriosam veritatis molestiae. Voluptates quia vel sint sint.', 1, 0, 6, '2019-05-01 13:22:42', '2019-05-01 13:22:42'),
(7, 'laudantium', 'Molestias non distinctio quasi vitae dignissimos eius optio. Placeat similique maxime repellendus velit ea unde nisi. Fuga cum incidunt voluptas laudantium enim.', 6, 0, 30, '2019-05-01 13:22:42', '2019-05-01 13:22:42'),
(8, 'dignissimos', 'Voluptatem quod ut voluptatem minima velit suscipit. Quia enim sit nihil rem tenetur. Quo fugit aut quaerat in officiis.', 0, 0, 28, '2019-05-01 13:22:42', '2019-05-01 13:22:42'),
(9, 'est', 'Inventore aut consequatur eligendi distinctio. In nostrum et commodi qui facere eius eius doloribus. Aut optio voluptas similique asperiores et architecto asperiores in.', 9, 0, 13, '2019-05-01 13:22:42', '2019-05-01 13:22:42'),
(10, 'voluptatem', 'Minus eligendi eligendi id facilis. Eligendi dicta architecto et consequatur consequatur tenetur. Iste nihil et placeat recusandae neque explicabo consequatur.', 7, 0, 18, '2019-05-01 13:22:42', '2019-05-01 13:22:42'),
(11, 'modi', 'Natus fugit quae quia. Facilis voluptatum illo voluptatem. Quis harum illo molestiae et.', 2, 0, 29, '2019-05-01 13:22:42', '2019-05-01 13:22:42'),
(12, 'qui', 'Aut facilis praesentium nihil. Odit veniam dicta error officiis et quas asperiores. Explicabo voluptatum quisquam assumenda atque laudantium quia qui nisi.', 5, 0, 30, '2019-05-01 13:22:42', '2019-05-01 13:22:42'),
(13, 'iste', 'Corrupti officia libero ut voluptatem. Provident nobis officiis saepe. Aperiam voluptas incidunt laboriosam ea.', 8, 0, 28, '2019-05-01 13:22:42', '2019-05-01 13:22:42'),
(14, 'dolorum', 'Adipisci voluptas in quasi a. Aut debitis fuga doloremque inventore accusamus. Minus modi libero omnis rerum dolorum. Dolorem adipisci quisquam enim quia necessitatibus. Ipsum commodi iure hic.', 8, 0, 17, '2019-05-01 13:22:42', '2019-05-01 13:22:42'),
(15, 'asperiores', 'Nulla quisquam autem a omnis natus. Nobis quia sed quasi consectetur. Impedit molestiae accusamus accusamus autem ut vel sint.', 0, 0, 10, '2019-05-01 13:22:42', '2019-05-01 13:22:42'),
(16, 'ut', 'Dolore aut quasi iure pariatur aliquam. Sint voluptate maiores ut vel blanditiis unde. Dignissimos et illum modi incidunt. Possimus alias sapiente explicabo aliquid et similique.', 3, 0, 16, '2019-05-01 13:22:42', '2019-05-01 13:22:42'),
(17, 'ex', 'Incidunt similique consectetur non amet. Voluptatem sed non ducimus sint.', 2, 0, 13, '2019-05-01 13:22:42', '2019-05-01 13:22:42'),
(18, 'laboriosam', 'Maiores incidunt harum ut blanditiis soluta provident. Sint et voluptate quis quisquam laboriosam laborum. Et quo maxime cumque rem ut sint.', 9, 0, 4, '2019-05-01 13:22:43', '2019-05-01 13:22:43'),
(19, 'quo', 'Tempora quas rerum culpa ad dolor. Explicabo laborum rerum doloremque nostrum.', 1, 0, 10, '2019-05-01 13:22:43', '2019-05-01 13:22:43'),
(20, 'praesentium', 'Dolorem non exercitationem illo amet. Et impedit sunt qui vel. Et facilis voluptatibus aut magnam dolores modi in. Pariatur quos repudiandae sapiente tempora aliquam velit.', 3, 0, 8, '2019-05-01 13:22:43', '2019-05-01 13:22:43'),
(21, 'maxime', 'Alias distinctio ut numquam corrupti ducimus ipsa. Eligendi numquam beatae commodi ullam doloremque. Excepturi inventore voluptate mollitia nulla possimus libero. Dolor doloremque id dolores.', 3, 0, 2, '2019-05-01 13:22:43', '2019-05-01 13:22:43'),
(22, 'repellat', 'Vel inventore debitis nobis et non laborum reiciendis. Unde nam saepe autem corrupti itaque magnam omnis. Voluptate ex rem ut consequatur dolores. Nobis id pariatur esse tenetur.', 0, 0, 7, '2019-05-01 13:22:43', '2019-05-01 13:22:43'),
(23, 'ducimus', 'Delectus vel et consequatur asperiores sint deserunt. In expedita aut ut natus architecto molestias velit. Molestiae similique porro necessitatibus quidem voluptatem.', 1, 0, 24, '2019-05-01 13:22:43', '2019-05-01 13:22:43'),
(24, 'consectetur', 'Eaque non cupiditate sapiente rerum. Aliquid odit fugit fugiat quam. Tenetur ut eveniet facilis.', 0, 0, 13, '2019-05-01 13:22:43', '2019-05-01 13:22:43'),
(25, 'veniam', 'Magni omnis cumque numquam sed sit quasi. Molestiae laudantium cupiditate eveniet enim autem. Praesentium sunt dolore nisi debitis nihil aut eveniet. Iure quia ipsa ipsam qui illum laboriosam.', 5, 0, 3, '2019-05-01 13:22:43', '2019-05-01 13:22:43'),
(26, 'et', 'Sit molestias ipsam repellendus repellat consequatur. Voluptatem reiciendis distinctio quae culpa. Non iste dolorum alias eius amet asperiores maxime. Nihil ipsam explicabo iure. Eligendi quam voluptatum quam repellat atque.', 3, 0, 15, '2019-05-01 13:22:43', '2019-05-01 13:22:43'),
(27, 'consectetur', 'Sequi deserunt asperiores fugit autem commodi. Laboriosam sit quod explicabo natus et. Sit in ab labore natus culpa eum ut. Consequatur quos et doloribus odit debitis numquam.', 1, 0, 30, '2019-05-01 13:22:45', '2019-05-01 13:22:45'),
(28, 'porro', 'Eum deleniti delectus quia iusto amet voluptatem. Unde ut est qui ipsam rerum. Quia asperiores autem corrupti qui quibusdam minus. Excepturi ut tempora est natus nihil aut.', 9, 0, 27, '2019-05-01 13:22:45', '2019-05-01 13:22:45'),
(29, 'numquam', 'Vitae earum aliquam cumque quos unde et. Et repudiandae ut architecto atque. Quia recusandae fuga ipsum error veritatis dignissimos. Fuga est et rerum suscipit quibusdam et.', 9, 0, 27, '2019-05-01 13:22:45', '2019-05-01 13:22:45'),
(30, 'dicta', 'Et laudantium ipsam dolor blanditiis tenetur et. Eveniet et quam molestiae veniam. Ut quis aliquam eos et optio dolorum fuga. Blanditiis doloribus odio eos voluptatibus doloremque ut sit.', 4, 0, 30, '2019-05-01 13:22:45', '2019-05-01 13:22:45'),
(31, 'suscipit', 'Recusandae libero aspernatur numquam dignissimos occaecati consequatur. Alias beatae cumque eum sapiente natus enim.', 6, 0, 5, '2019-05-01 13:22:45', '2019-05-01 13:22:45'),
(32, 'enim', 'Nemo quasi minus ipsam et saepe. Qui et recusandae nesciunt odio sapiente sint optio. Ad fugiat modi et mollitia. Qui ut nulla accusantium a repellendus similique sit.', 0, 0, 5, '2019-05-01 13:22:45', '2019-05-01 13:22:45'),
(33, 'natus', 'Iste sed cupiditate iusto architecto et unde. Laudantium excepturi culpa quia quis omnis laborum. Cumque et maiores nobis asperiores non quis quas quaerat.', 4, 0, 2, '2019-05-01 13:22:45', '2019-05-01 13:22:45'),
(34, 'in', 'Quia culpa dolorem exercitationem alias est blanditiis quo nihil. Omnis qui voluptatem quis quo. Ad aut nobis porro rerum odio. Illo voluptates ex quibusdam praesentium.', 7, 0, 13, '2019-05-01 13:22:45', '2019-05-01 13:22:45'),
(35, 'molestiae', 'Numquam culpa inventore consequuntur illum mollitia ut blanditiis quos. Non ab et iure eos.', 2, 0, 10, '2019-05-01 13:22:45', '2019-05-01 13:22:45'),
(36, 'ipsam', 'At expedita dicta est nihil accusamus animi. Architecto excepturi eligendi est est.', 4, 0, 3, '2019-05-01 13:22:45', '2019-05-01 13:22:45'),
(37, 'sint', 'Animi voluptatem voluptatem minima reprehenderit sunt. Rem assumenda aut nisi voluptatibus. Cupiditate magni minima minima nostrum explicabo sunt et.', 0, 0, 2, '2019-05-01 13:22:45', '2019-05-01 13:22:45'),
(38, 'atque', 'Hic praesentium aut distinctio qui blanditiis reprehenderit aliquam reprehenderit. Dolorum animi sapiente nihil nulla magnam et. Harum eos ut quibusdam dolorem minus.', 2, 0, 13, '2019-05-01 13:22:46', '2019-05-01 13:22:46'),
(39, 'sed', 'Alias at delectus natus deserunt. Minus blanditiis est laboriosam doloremque neque.', 3, 0, 15, '2019-05-01 13:22:46', '2019-05-01 13:22:46'),
(40, 'velit', 'Distinctio aut ad sunt corrupti eos nobis nisi totam. Adipisci soluta adipisci minima in quia.', 1, 0, 14, '2019-05-01 13:22:46', '2019-05-01 13:22:46'),
(41, 'minima', 'Sunt adipisci veniam neque. Et doloremque molestiae sunt est qui excepturi sint a. Quasi harum aut qui velit et cupiditate. Facere repellat exercitationem atque voluptatem.', 7, 0, 21, '2019-05-01 13:22:46', '2019-05-01 13:22:46'),
(42, 'ut', 'Harum officia iure corrupti magni est qui. Repellendus delectus sed unde distinctio culpa non ratione.', 4, 0, 8, '2019-05-01 13:22:46', '2019-05-01 13:22:46'),
(43, 'facilis', 'Error autem facere et ut est in sunt. Adipisci voluptatem ut et quo velit explicabo in iusto. Similique nemo dolor eum reiciendis ea facere laboriosam et. Maiores voluptatem veritatis numquam repellat aut reiciendis.', 2, 0, 20, '2019-05-01 13:22:46', '2019-05-01 13:22:46'),
(44, 'in', 'Adipisci quia eveniet praesentium non temporibus illo ipsam. Non illo et vitae similique aut corrupti.', 6, 0, 9, '2019-05-01 13:22:46', '2019-05-01 13:22:46'),
(45, 'et', 'Non voluptatem fugit harum ea voluptatibus maxime rerum exercitationem. Porro sit doloremque ut velit dolorum. Ut rerum quibusdam qui similique praesentium minima et. Perferendis sunt repudiandae sequi eum consequatur.', 9, 0, 28, '2019-05-01 13:22:46', '2019-05-01 13:22:46'),
(46, 'praesentium', 'Iste iure molestiae dicta cupiditate reprehenderit. Nostrum et est quas esse eius. Beatae et aliquam vel quasi impedit.', 1, 0, 25, '2019-05-01 13:22:46', '2019-05-01 13:22:46'),
(47, 'expedita', 'Sed quis omnis ut. Fuga deleniti non quia explicabo fugit eos inventore. Aliquam reiciendis consequuntur odio quas explicabo. Ut neque quo a omnis libero quasi vero.', 9, 0, 2, '2019-05-01 13:22:46', '2019-05-01 13:22:46'),
(48, 'culpa', 'Nihil eveniet iusto cumque omnis assumenda. Asperiores cupiditate non aspernatur voluptates veritatis illum odit. Repellendus nobis accusamus ea nihil repudiandae repellendus sit.', 3, 0, 13, '2019-05-01 13:22:46', '2019-05-01 13:22:46'),
(49, 'voluptatum', 'Omnis officia officia assumenda harum vel. Vitae quod unde perferendis recusandae quam est dolores. Ipsam nam voluptatibus et sit perferendis voluptas aliquam. Ut consequatur velit excepturi eos.', 4, 0, 7, '2019-05-01 13:22:46', '2019-05-01 13:22:46'),
(50, 'magni', 'Quae reiciendis provident laudantium deleniti. Consectetur quia quod voluptatum sed est.', 4, 0, 7, '2019-05-01 13:22:46', '2019-05-01 13:22:46'),
(51, 'pariatur', 'Cumque aliquid sed iusto voluptatem nulla ad. Explicabo nihil aliquam voluptatem molestias. Facere enim neque eius molestias impedit. Neque suscipit nam illum et dolores ut vero maiores.', 2, 0, 27, '2019-05-01 13:24:18', '2019-05-01 13:24:18'),
(52, 'dolor', 'Quibusdam debitis soluta rem. Ex vel aperiam eveniet hic est.', 6, 0, 14, '2019-05-01 13:24:19', '2019-05-01 13:24:19'),
(53, 'nam', 'Beatae magni officiis soluta minus. Vel omnis assumenda eaque. Dolor in omnis saepe omnis voluptas occaecati expedita.', 3, 0, 2, '2019-05-01 13:24:19', '2019-05-01 13:24:19'),
(54, 'dolorem', 'Et odit inventore sapiente quisquam. Eius explicabo voluptatem ut quis impedit asperiores mollitia non. Rem dolore modi sit dolor fugiat voluptate eveniet.', 6, 0, 11, '2019-05-01 13:24:19', '2019-05-01 13:24:19'),
(55, 'rerum', 'Ut possimus autem eligendi dolor eos veniam. Quos ea laboriosam nulla natus mollitia maxime.', 6, 0, 23, '2019-05-01 13:24:19', '2019-05-01 13:24:19'),
(56, 'nemo', 'Porro impedit est itaque natus suscipit deleniti. Sint quidem nobis et. Aperiam non molestiae aliquid ut dolores. Inventore doloremque laudantium nesciunt et dicta.', 2, 0, 15, '2019-05-01 13:24:19', '2019-05-01 13:24:19'),
(57, 'amet', 'Earum quas sunt et ea reprehenderit quaerat enim ut. Dolores unde officia suscipit dolor consequatur. Sint sit occaecati in nobis aspernatur quo illo. Excepturi et labore maiores sit est.', 5, 0, 14, '2019-05-01 13:24:19', '2019-05-01 13:24:19'),
(58, 'qui', 'Alias pariatur molestias ut ut pariatur veniam. Et vero qui delectus sit fugit dolorem velit.', 5, 0, 19, '2019-05-01 13:24:19', '2019-05-01 13:24:19'),
(59, 'sit', 'Libero vitae nulla necessitatibus consectetur at ullam dolorem quo. Corporis inventore quis et voluptatum soluta distinctio fugit placeat. Libero sint nam consequuntur sed ea. Iusto ratione molestias ea in culpa consequatur blanditiis.', 1, 0, 16, '2019-05-01 13:24:19', '2019-05-01 13:24:19'),
(60, 'fugiat', 'Dolor inventore sit quisquam nisi porro officia aut. Excepturi consectetur voluptatem est harum quis repellat. Sit est sint veniam voluptate veniam voluptatum. Fugit provident doloribus sit adipisci.', 6, 0, 22, '2019-05-01 13:24:19', '2019-05-01 13:24:19'),
(61, 'aut', 'Qui rerum provident vitae molestias quia maiores. Alias voluptates ea voluptatibus explicabo saepe exercitationem consequatur. Nemo aut aut possimus quisquam dolorem et excepturi. Sit quod velit ipsam veniam velit quos officiis.', 7, 0, 21, '2019-05-01 13:24:19', '2019-05-01 13:24:19'),
(62, 'hic', 'Voluptatibus et et sint debitis neque. Vero dicta et non aliquid sit quasi mollitia expedita.', 8, 0, 16, '2019-05-01 13:24:19', '2019-05-01 13:24:19'),
(63, 'vel', 'Illum ut ut ea laborum accusamus. Tempora minus aliquam expedita iure consequatur. Qui voluptas modi ut fugit.', 9, 0, 26, '2019-05-01 13:24:19', '2019-05-01 13:24:19'),
(64, 'aliquid', 'Sed placeat consequatur est amet ut laborum rem. Non quae ut ad quae ad pariatur. Qui voluptas numquam dolores et quas eos.', 7, 0, 18, '2019-05-01 13:24:19', '2019-05-01 13:24:19'),
(65, 'at', 'Omnis deserunt explicabo est temporibus culpa. Cumque non eligendi dolor eveniet ullam voluptate odio. Nobis voluptatem architecto voluptatem nesciunt voluptates aut eum vel. Doloribus sapiente fugiat tempora aut qui iusto.', 3, 0, 2, '2019-05-01 13:24:19', '2019-05-01 13:24:19'),
(66, 'architecto', 'Suscipit animi ut laborum autem. Assumenda ut rem laborum accusantium deleniti aliquid magni. Repellendus numquam tenetur dolorum voluptatem dolor architecto similique.', 7, 0, 13, '2019-05-01 13:24:19', '2019-05-01 13:24:19'),
(67, 'officiis', 'Nihil aspernatur est suscipit repellendus molestias. Sit nam maxime nulla quo aut. Sit non dolor alias doloribus sunt. Itaque repudiandae commodi non similique.', 5, 0, 15, '2019-05-01 13:24:19', '2019-05-01 13:24:19'),
(68, 'fuga', 'Porro doloribus ducimus sequi et. Rem exercitationem et officiis voluptatem voluptas occaecati.', 8, 0, 18, '2019-05-01 13:24:19', '2019-05-01 13:24:19'),
(69, 'odio', 'Exercitationem temporibus voluptatem quod. Odit consequuntur ipsum pariatur laudantium quibusdam. Omnis sed nulla iste.', 3, 0, 2, '2019-05-01 13:24:19', '2019-05-01 13:24:19'),
(70, 'quidem', 'Qui totam alias at quidem architecto placeat. Sunt voluptas explicabo corrupti mollitia sint. Iste ipsum sunt sunt laudantium accusantium aut consequuntur.', 0, 0, 27, '2019-05-01 13:24:19', '2019-05-01 13:24:19'),
(71, 'sint', 'Et et qui quos at sit commodi et. Repudiandae labore soluta dolorum assumenda nobis ut voluptates non. Iusto eos quis quasi exercitationem.', 6, 0, 8, '2019-05-01 13:24:19', '2019-05-01 13:24:19'),
(72, 'quia', 'Blanditiis dolores esse praesentium unde quia. Autem iste quaerat tempora eaque ipsam quia. Pariatur omnis non unde facere cupiditate nesciunt. Est ullam suscipit est possimus.', 3, 0, 28, '2019-05-01 13:24:19', '2019-05-01 13:24:19'),
(73, 'esse', 'Eum incidunt et asperiores ut quisquam est natus. Fugiat adipisci quibusdam necessitatibus iste ab saepe laborum. Unde qui laboriosam est voluptatem rerum. Occaecati qui non voluptatibus.', 8, 0, 20, '2019-05-01 13:24:20', '2019-05-01 13:24:20'),
(74, 'eligendi', 'Ut officia minima architecto ratione. Eaque aliquid ut sapiente sed impedit placeat labore. Quia odit similique ut quaerat.', 1, 0, 12, '2019-05-01 13:24:20', '2019-05-01 13:24:20'),
(75, 'iusto', 'Perspiciatis atque sit nemo at ratione alias. Aut tenetur veniam ea asperiores vel est. Maxime illo aut minima culpa quae quas. Ipsam id repudiandae reprehenderit id perferendis dolores voluptate nostrum.', 8, 0, 21, '2019-05-01 13:24:20', '2019-05-01 13:24:20'),
(76, 'sit', 'Consequuntur suscipit consectetur enim quod maiores. Quae alias iste voluptas aspernatur. Corrupti necessitatibus reiciendis ex impedit.', 6, 0, 19, '2019-05-01 13:24:20', '2019-05-01 13:24:20'),
(77, 'quasi', 'Esse qui velit dicta cumque. In quas voluptatibus corrupti unde placeat dolorem. Officia nulla hic ut consequatur asperiores ut omnis dicta.', 6, 0, 24, '2019-05-01 13:24:20', '2019-05-01 13:24:20'),
(78, 'sunt', 'Quis officia occaecati sed qui. Ut minus facilis consequatur modi provident doloremque. Temporibus ut porro ut ut dolores et modi.', 1, 0, 20, '2019-05-01 13:24:20', '2019-05-01 13:24:20'),
(79, 'velit', 'Dolorem aspernatur repellendus dolores ut. Libero aut exercitationem ex debitis eum ullam repudiandae. Dolor et beatae iste quasi excepturi nihil voluptas deleniti.', 9, 0, 6, '2019-05-01 13:24:20', '2019-05-01 13:24:20'),
(80, 'fuga', 'Rem eaque consequuntur dolor quasi voluptatem eligendi. Ducimus et labore praesentium aut. Quia tempora temporibus nihil. Id et blanditiis et eum blanditiis.', 1, 0, 13, '2019-05-01 13:24:20', '2019-05-01 13:24:20'),
(81, 'explicabo', 'Velit ut blanditiis quae ut ipsam quo doloremque. Nobis voluptate nam est blanditiis praesentium est et. Dolorem quod eaque at est.', 9, 0, 4, '2019-05-01 13:24:20', '2019-05-01 13:24:20'),
(82, 'est', 'Voluptatem et et rerum delectus deleniti. Rerum autem error possimus aut quasi sequi quisquam. Aut voluptatum repudiandae voluptatem. Aspernatur ea ducimus vel.', 9, 0, 24, '2019-05-01 13:24:20', '2019-05-01 13:24:20'),
(83, 'aut', 'Error inventore fuga a pariatur quos laborum distinctio. Saepe est et saepe nisi.', 1, 0, 8, '2019-05-01 13:24:21', '2019-05-01 13:24:21'),
(84, 'accusantium', 'Hic ut aut et sint placeat quis. Maxime amet eius nulla odio. Distinctio ex quaerat similique porro facere autem. Animi ut voluptates consectetur aut.', 4, 0, 22, '2019-05-01 13:24:21', '2019-05-01 13:24:21'),
(85, 'eaque', 'Similique dolor et esse cum minima molestias eum. Est delectus aliquid vel. Ut delectus explicabo sint mollitia voluptates.', 0, 0, 8, '2019-05-01 13:24:21', '2019-05-01 13:24:21'),
(86, 'sequi', 'Sunt nostrum beatae sapiente. Consequatur dolores dicta saepe deleniti eveniet corrupti modi ut. Consequatur quae laboriosam voluptas sed nisi nostrum. Vel vero reiciendis deserunt qui praesentium labore. Non nobis voluptates expedita repudiandae ipsam esse assumenda nam.', 8, 0, 19, '2019-05-01 13:24:21', '2019-05-01 13:24:21'),
(87, 'recusandae', 'Sed aperiam quia laudantium recusandae in. Modi hic eos alias quos ea libero. Sit voluptatem aut quae animi consequatur ut dolor.', 8, 0, 21, '2019-05-01 13:24:21', '2019-05-01 13:24:21'),
(88, 'qui', 'Aut saepe veniam nihil commodi qui numquam rerum. Aut in possimus dolorem suscipit necessitatibus et. Illo autem nihil occaecati illo tenetur assumenda quasi.', 8, 0, 25, '2019-05-01 13:24:21', '2019-05-01 13:24:21'),
(89, 'ipsam', 'Magnam voluptates reprehenderit eos est dolorem. Eum et laborum nam praesentium qui.', 4, 0, 28, '2019-05-01 13:24:21', '2019-05-01 13:24:21'),
(90, 'ab', 'Earum sunt culpa libero. Officia earum enim magni officia corporis provident. Cum necessitatibus et occaecati autem.', 1, 0, 12, '2019-05-01 13:24:21', '2019-05-01 13:24:21'),
(91, 'molestiae', 'Ipsum accusantium sapiente tempora repellat non temporibus consequuntur. Soluta consequatur sit dolores ut fugiat autem. Voluptas dolores delectus nobis qui ab natus ut consequatur. Ducimus minima sit tenetur.', 4, 0, 8, '2019-05-01 13:24:21', '2019-05-01 13:24:21'),
(92, 'est', 'Eum vero quo fugiat quisquam nihil corporis. Quis quis culpa cumque ad et ullam cum. Dolorum blanditiis quas odio qui.', 0, 0, 11, '2019-05-01 13:24:21', '2019-05-01 13:24:21'),
(93, 'sunt', 'Magni ea sunt in laborum ullam et aut maxime. Officia aut dolores quia sit rerum quisquam. Unde consequuntur rerum est minima a qui libero. Eum quod sint voluptas.', 5, 0, 16, '2019-05-01 13:24:21', '2019-05-01 13:24:21'),
(94, 'sit', 'Doloribus labore facere officia et omnis. Fuga similique iure ut voluptas. Non praesentium tempore nostrum.', 6, 0, 16, '2019-05-01 13:24:21', '2019-05-01 13:24:21'),
(95, 'inventore', 'Unde consectetur deleniti animi enim. Rerum et officiis voluptas eum autem dicta. Dolorem esse blanditiis nulla blanditiis qui culpa ipsam. Cupiditate quae ea repellendus animi iure. Doloremque inventore nemo quaerat suscipit laboriosam qui.', 6, 0, 21, '2019-05-01 13:24:21', '2019-05-01 13:24:21'),
(96, 'voluptatem', 'Facere in magnam odio repudiandae voluptate esse. Et eligendi alias ad architecto. Occaecati dolorem modi minima voluptate aspernatur non voluptatem.', 4, 0, 14, '2019-05-01 13:24:21', '2019-05-01 13:24:21'),
(97, 'fugiat', 'Eos facere est labore rerum quasi vitae. Consequuntur perspiciatis atque placeat accusantium et recusandae. Nam eligendi eius dolores similique qui voluptas quis.', 3, 0, 29, '2019-05-01 13:24:21', '2019-05-01 13:24:21'),
(98, 'alias', 'Qui earum dolorem atque consectetur rem id enim. Est magni et aut modi velit ex. Nulla praesentium dolor sed est sit corporis sunt.', 6, 0, 14, '2019-05-01 13:24:21', '2019-05-01 13:24:21'),
(99, 'impedit', 'Aliquid harum non quibusdam non et beatae. Modi perferendis consequuntur magni voluptatum. Asperiores provident explicabo qui doloribus et maxime.', 4, 0, 14, '2019-05-01 13:24:21', '2019-05-01 13:24:21'),
(100, 'est', 'Repellendus non sit repellendus amet saepe. Ut ex sit placeat omnis excepturi temporibus. Aut magni natus eos. Reiciendis et doloribus illo necessitatibus et dolor rerum.', 5, 0, 9, '2019-05-01 13:24:21', '2019-05-01 13:24:21');

-- --------------------------------------------------------

--
-- بنية الجدول `reviews`
--

CREATE TABLE `reviews` (
  `id` bigint(20) UNSIGNED NOT NULL,
  `product_id` int(10) UNSIGNED NOT NULL,
  `customer` varchar(191) COLLATE utf8mb4_unicode_ci NOT NULL,
  `review` text COLLATE utf8mb4_unicode_ci NOT NULL,
  `star` int(11) NOT NULL,
  `created_at` timestamp NULL DEFAULT NULL,
  `updated_at` timestamp NULL DEFAULT NULL
) ENGINE=InnoDB DEFAULT CHARSET=utf8mb4 COLLATE=utf8mb4_unicode_ci;

--
-- إرجاع أو استيراد بيانات الجدول `reviews`
--

INSERT INTO `reviews` (`id`, `product_id`, `customer`, `review`, `star`, `created_at`, `updated_at`) VALUES
(1, 24, 'Ottis Treutel', 'Id sed officia qui numquam sed fugiat. Aut facere fugiat veritatis officiis. Ratione quod itaque ab voluptatem qui. Est sint explicabo veniam omnis.', 2, '2019-05-01 13:22:48', '2019-05-01 13:22:48'),
(2, 11, 'Maximilian Sporer', 'Nostrum reiciendis odit natus et. Id ex aperiam autem consequuntur vel eum. Vitae alias esse itaque ut officiis. Neque quam nam error consequuntur sit voluptatem ut earum.', 4, '2019-05-01 13:22:48', '2019-05-01 13:22:48'),
(3, 54, 'Lysanne Deckow IV', 'Aspernatur veritatis consequuntur nesciunt omnis sed ut similique. Voluptatum asperiores voluptatibus sit. Adipisci non tempora voluptas aperiam. Natus fugit nulla deleniti id autem.', 4, '2019-05-01 13:24:24', '2019-05-01 13:24:24'),
(4, 94, 'Prof. Charles Cartwright IV', 'Aut culpa aut nesciunt perspiciatis provident. Officia corrupti quos reprehenderit ut molestiae excepturi. In laudantium vel nihil sint.', 3, '2019-05-01 13:24:24', '2019-05-01 13:24:24'),
(5, 58, 'Mr. Lorenza Howe', 'Corporis voluptatem doloribus qui iure in. Nobis doloremque possimus non neque assumenda vel. Dolorum veritatis delectus voluptatem et nostrum.', 2, '2019-05-01 13:24:24', '2019-05-01 13:24:24'),
(6, 93, 'Miss Aditya Fahey III', 'Ut qui commodi natus minus quam labore voluptas. Voluptatibus tempora necessitatibus et non. Aliquid quis pariatur voluptas eum. A dolores corporis libero dolorem ratione voluptatem.', 1, '2019-05-01 13:24:24', '2019-05-01 13:24:24'),
(7, 4, 'Idella Connelly', 'In eligendi ut officiis unde impedit asperiores. Nam iure sapiente esse nihil.', 3, '2019-05-01 13:24:24', '2019-05-01 13:24:24'),
(8, 66, 'George Streich', 'Doloremque doloremque voluptas et aperiam harum eveniet. Eos nisi culpa praesentium voluptas doloremque et ipsa. Non autem iure enim nam nulla.', 4, '2019-05-01 13:24:24', '2019-05-01 13:24:24'),
(9, 46, 'Albertha Powlowski', 'Incidunt commodi et aperiam et est. Totam similique veniam ab. Et explicabo quo veniam quod et. Vel fugiat consequuntur quod optio distinctio nihil.', 2, '2019-05-01 13:24:24', '2019-05-01 13:24:24'),
(10, 1, 'Dr. Addison Monahan II', 'Reiciendis sequi in corporis ut quod vitae. Animi voluptas qui qui et voluptas. Consectetur ex cum numquam qui quis.', 5, '2019-05-01 13:24:24', '2019-05-01 13:24:24'),
(11, 28, 'Steve Bode', 'Omnis id reiciendis aspernatur iusto nihil. Minus maxime et autem perspiciatis ratione quidem corrupti. Omnis consequatur dolor dolorem optio libero.', 1, '2019-05-01 13:24:24', '2019-05-01 13:24:24'),
(12, 92, 'Janessa Blick', 'Aut laudantium tempora minima beatae assumenda expedita incidunt autem. Voluptatibus cupiditate quo unde autem nisi aut et. Cum officiis quas libero ea dolorem. Dolorum non est debitis saepe corrupti nihil iusto.', 4, '2019-05-01 13:24:24', '2019-05-01 13:24:24'),
(13, 6, 'Mr. Mervin Haley II', 'A maiores ea earum veniam est. Dolor voluptatum ut ut velit quia ut. Et repellat et consequatur repellat nihil ut.', 2, '2019-05-01 13:24:24', '2019-05-01 13:24:24'),
(14, 21, 'Ilene Romaguera', 'Magni natus ut a impedit ratione. Vel qui numquam expedita aut. Possimus voluptatem cum et aliquam fugit sunt. Velit iste sed suscipit pariatur error doloribus in.', 3, '2019-05-01 13:24:24', '2019-05-01 13:24:24'),
(15, 98, 'Carmen Shields', 'Et ad odit excepturi accusantium. Sunt nostrum sed ipsam animi minima. Nobis ipsum maiores exercitationem ipsa aperiam iusto.', 1, '2019-05-01 13:24:24', '2019-05-01 13:24:24'),
(16, 19, 'Gina Wolf DVM', 'Reprehenderit distinctio eligendi ad aut consequatur consequatur. Ea dolor doloremque maiores illo deserunt. Officiis temporibus dolore omnis est in sunt. Veniam temporibus sint itaque et.', 2, '2019-05-01 13:24:24', '2019-05-01 13:24:24'),
(17, 58, 'Prof. Alysa Corwin', 'Incidunt recusandae assumenda dignissimos quo voluptatibus. Ullam repudiandae est ut ducimus occaecati architecto. Id iure eius vitae illo. Labore esse et temporibus soluta non commodi laudantium.', 2, '2019-05-01 13:24:24', '2019-05-01 13:24:24'),
(18, 56, 'Dr. Jamal Schowalter', 'Dignissimos officiis quos est fuga. Exercitationem ipsa facilis est voluptatem voluptas similique ducimus eveniet. Cupiditate doloremque accusantium cupiditate ea maxime consectetur molestias.', 5, '2019-05-01 13:24:25', '2019-05-01 13:24:25'),
(19, 53, 'Prof. Palma Bauch II', 'Quia soluta vero quis. Dolores quaerat explicabo aut beatae aut perferendis exercitationem voluptatem. Cum consequatur pariatur illo modi nostrum corporis laudantium vel.', 2, '2019-05-01 13:24:25', '2019-05-01 13:24:25'),
(20, 51, 'Dr. Mckenna Reichel', 'Autem consequuntur fuga quidem aut voluptas et quas. Est debitis in magnam quia libero vitae eius. Recusandae autem consequuntur voluptatibus eos hic a placeat.', 3, '2019-05-01 13:24:25', '2019-05-01 13:24:25'),
(21, 50, 'Ethelyn Thiel', 'Autem quis consectetur ut et dolores nostrum voluptate. Adipisci soluta autem at similique repellat harum ipsam. Molestiae quo fuga saepe vel quam consequatur animi. Sed necessitatibus quasi maiores est labore.', 4, '2019-05-01 13:24:25', '2019-05-01 13:24:25'),
(22, 10, 'Theodora Lakin DDS', 'Dolorem aliquam amet sed nemo autem qui. Quis harum aperiam similique fugiat et. Consequatur excepturi minus id molestias molestias rem ipsam.', 3, '2019-05-01 13:24:25', '2019-05-01 13:24:25'),
(23, 34, 'Mr. Alan Bradtke', 'Illum pariatur nesciunt repudiandae possimus distinctio. Ut at explicabo maxime dolorem nostrum aut in. Vitae recusandae nam accusantium nulla ut incidunt quasi. Eum aliquam quam possimus qui nam odio et voluptatem.', 2, '2019-05-01 13:24:25', '2019-05-01 13:24:25'),
(24, 61, 'Ernestine Mohr MD', 'Autem reiciendis et aut reiciendis aliquid. Consequatur optio officiis aut sed officiis. Molestiae laborum dolorem aut qui. Consectetur recusandae quas vel quo voluptatem nam.', 4, '2019-05-01 13:24:25', '2019-05-01 13:24:25'),
(25, 23, 'Bernadine Daugherty Sr.', 'Repellat similique deserunt quia rem sed ab. Aut commodi laudantium porro illum porro ut. Tenetur voluptate maxime animi illum quia.', 2, '2019-05-01 13:24:25', '2019-05-01 13:24:25'),
(26, 11, 'Jessy Murphy', 'Officiis rerum tempore qui id. Quia quo corporis voluptatem qui iure. Cumque repudiandae est recusandae at cum corporis libero. Autem incidunt explicabo nemo adipisci perspiciatis ea qui.', 1, '2019-05-01 13:24:25', '2019-05-01 13:24:25'),
(27, 57, 'Ms. Wilhelmine Friesen', 'Consequatur eum explicabo mollitia natus cupiditate ab quibusdam. Voluptatem ut aliquid officia voluptatem. Occaecati dolor harum qui sint.', 3, '2019-05-01 13:24:25', '2019-05-01 13:24:25'),
(28, 37, 'Mr. Abdullah Legros', 'Voluptate quidem aut dignissimos et iste. Voluptas sapiente magnam inventore aut eum veritatis vero. Odit suscipit quod id corporis iste cum assumenda. Earum aperiam eum ut voluptas velit libero.', 1, '2019-05-01 13:24:25', '2019-05-01 13:24:25'),
(29, 96, 'Mr. Malachi Tillman', 'Recusandae quaerat fugit eum consequatur aut quia. Et labore aspernatur eius blanditiis dolor velit nulla. Quasi possimus quod est rerum sequi. Quia cum officia sit maxime ipsa molestias sed.', 5, '2019-05-01 13:24:25', '2019-05-01 13:24:25'),
(30, 16, 'Dr. Hailey Kilback IV', 'Quos expedita sunt velit omnis consectetur quos. Dolores qui quos qui aut. Suscipit vero blanditiis quibusdam non.', 3, '2019-05-01 13:24:25', '2019-05-01 13:24:25'),
(31, 60, 'Bernardo Wintheiser', 'Dolores hic provident dolorum omnis. Sit esse voluptatibus saepe officiis autem quo voluptas. Eaque temporibus eum cum eius repellat.', 4, '2019-05-01 13:24:25', '2019-05-01 13:24:25'),
(32, 14, 'Prof. Yolanda Jast II', 'Sint a alias aut in quam voluptatibus. Qui architecto voluptates non consequatur fuga quia. Tenetur aliquam et dolores. Vel ab ipsam ut ullam et.', 1, '2019-05-01 13:24:25', '2019-05-01 13:24:25'),
(33, 27, 'Dock Mitchell', 'Velit inventore eos sint magni voluptas. Nihil repellat nobis consequatur fugiat ut voluptas ex. Suscipit eligendi ut et deleniti.', 4, '2019-05-01 13:24:25', '2019-05-01 13:24:25'),
(34, 50, 'Ms. Eden Feest', 'Voluptatibus eius ipsam magni consequatur ut et. Molestias ad quae eum eaque molestiae et consequatur. In quisquam voluptas et possimus.', 4, '2019-05-01 13:24:26', '2019-05-01 13:24:26'),
(35, 54, 'Shany Ebert', 'Alias quidem ut quidem illo quibusdam. Perferendis dolores esse quis quam ut neque. Qui ea iste ratione vel sit nemo laboriosam ab. Alias et nemo quia aut totam rerum.', 2, '2019-05-01 13:24:26', '2019-05-01 13:24:26'),
(36, 37, 'Domenica Erdman', 'Ut eum ad et aut est. Id placeat optio odit fugit. Aut quia aspernatur consequuntur consequatur. Exercitationem qui rerum quia porro optio.', 5, '2019-05-01 13:24:26', '2019-05-01 13:24:26'),
(37, 9, 'Jarrell Renner', 'Dolores voluptatem aut nemo quos. Perferendis cumque beatae labore sequi dolores neque.', 5, '2019-05-01 13:24:26', '2019-05-01 13:24:26'),
(38, 30, 'Glenda Konopelski', 'Qui error ut harum. Temporibus fugit molestiae ut praesentium sed. Aspernatur totam officiis enim mollitia. Mollitia aliquam et molestiae saepe in nesciunt quod.', 1, '2019-05-01 13:24:26', '2019-05-01 13:24:26'),
(39, 41, 'Ismael Buckridge IV', 'Ea iusto iure quas debitis sed. Aut at non omnis distinctio id. Et non laudantium eaque at deserunt adipisci ipsa. Dolor voluptatem et ipsa tempore blanditiis.', 5, '2019-05-01 13:24:26', '2019-05-01 13:24:26'),
(40, 48, 'Monserrat Luettgen IV', 'Consectetur ipsum iusto libero quam alias pariatur excepturi. Esse reiciendis qui architecto consectetur eum. Consequatur illo quia dicta sint eum vitae rerum. Ut maiores et cumque vel.', 1, '2019-05-01 13:24:26', '2019-05-01 13:24:26'),
(41, 20, 'Jerad Bins', 'Qui itaque ducimus eum nihil quas deserunt. Mollitia ipsam eveniet earum aut consequuntur dolor enim cupiditate. Ullam ut vel et quos. Numquam dolor ducimus officia quaerat.', 4, '2019-05-01 13:24:26', '2019-05-01 13:24:26'),
(42, 26, 'Mr. Wilson Prosacco', 'Sit molestias quis nisi atque. Unde nostrum est soluta qui mollitia aut. Deleniti tempora ea temporibus quidem quo voluptatum maxime facere. Explicabo facere repellat id mollitia dolorem qui.', 5, '2019-05-01 13:24:26', '2019-05-01 13:24:26'),
(43, 66, 'Stone Sanford II', 'Earum impedit asperiores adipisci quaerat neque et. Voluptatem porro cupiditate minima corporis sapiente voluptate rerum. Accusamus dolor voluptatem dolorem praesentium alias et similique. Provident sed quia corporis veniam fugiat sit.', 2, '2019-05-01 13:24:26', '2019-05-01 13:24:26'),
(44, 61, 'Jayda Prohaska', 'Eos recusandae vel nulla sunt qui. Enim delectus et voluptate eligendi et excepturi ut. Aliquid ducimus suscipit sit et reprehenderit unde. Vero tempore qui ut commodi doloribus soluta.', 4, '2019-05-01 13:24:26', '2019-05-01 13:24:26'),
(45, 37, 'Ms. Britney Turner', 'Perspiciatis natus velit pariatur doloribus blanditiis error quas. Est officiis fugit doloremque id sit unde. Eveniet sit quis aperiam aut dicta recusandae assumenda.', 5, '2019-05-01 13:24:26', '2019-05-01 13:24:26'),
(46, 23, 'Fae Schimmel', 'Est voluptas corporis voluptatibus minima. Quod suscipit nobis quia dolorem esse. Animi repellat aut eaque et unde laborum suscipit. Dolor et omnis est voluptate reiciendis. Aut est non inventore beatae.', 2, '2019-05-01 13:24:26', '2019-05-01 13:24:26'),
(47, 72, 'Terrell Schaefer', 'Commodi doloremque vero quis iure cum accusamus. Dolor natus aliquam soluta impedit molestiae. Voluptatem et numquam iste eius. Aut necessitatibus consequuntur id dolores numquam.', 1, '2019-05-01 13:24:26', '2019-05-01 13:24:26'),
(48, 22, 'Eliseo Grimes', 'Incidunt incidunt repellendus qui pariatur facere. Provident non expedita nobis eveniet consequatur. Facere consectetur omnis nostrum officia in. Doloribus beatae distinctio qui numquam reiciendis sunt nihil.', 1, '2019-05-01 13:24:26', '2019-05-01 13:24:26'),
(49, 8, 'Maida Kihn', 'Iure quia beatae atque dignissimos adipisci alias reprehenderit. Nemo sit velit nostrum soluta. Tenetur quo sint illo sint voluptates quidem.', 3, '2019-05-01 13:24:26', '2019-05-01 13:24:26'),
(50, 94, 'Marilie D\'Amore', 'Nam deserunt blanditiis libero tempore illum vitae molestiae tempora. Quae vitae voluptas omnis. Voluptatem qui quidem qui officia laborum qui.', 1, '2019-05-01 13:24:26', '2019-05-01 13:24:26'),
(51, 48, 'Dr. Chadd Hilpert', 'Ut qui itaque rem laudantium. Architecto quam placeat rerum saepe. Doloremque aut sit et quisquam quia. Aut iste praesentium dolorem sed illo minima.', 3, '2019-05-01 13:24:26', '2019-05-01 13:24:26'),
(52, 32, 'Prof. Vince Waters MD', 'Necessitatibus aut dolorem velit excepturi et tempore enim. Velit alias nobis quidem occaecati. Similique similique architecto ut molestiae. Inventore magni aut est minus minima eius.', 1, '2019-05-01 13:24:26', '2019-05-01 13:24:26'),
(53, 80, 'Annette Gulgowski PhD', 'Consequatur illum voluptatum illum beatae voluptates ut at. Voluptates sed tempora sed omnis tenetur. Voluptatum soluta dolorem ut vero repudiandae. Modi incidunt ut atque aperiam ut facere.', 2, '2019-05-01 13:24:26', '2019-05-01 13:24:26'),
(54, 63, 'Gonzalo Walsh', 'Esse impedit id non reprehenderit qui deleniti culpa aliquid. Soluta itaque eos rerum dolorem dolorum eum. Totam vel nam omnis tempore quam eos blanditiis consequuntur.', 1, '2019-05-01 13:24:27', '2019-05-01 13:24:27'),
(55, 46, 'Scot McDermott', 'Enim voluptatem magni dolorem quis illo qui ut. Accusantium eaque id consequuntur vitae ea qui. Velit cupiditate hic quasi fugiat atque molestiae consectetur mollitia.', 1, '2019-05-01 13:24:27', '2019-05-01 13:24:27'),
(56, 75, 'Prof. Coby Mosciski', 'Eos qui nobis et est est perferendis voluptates. Aspernatur corporis dolorem dolores repellat dolorum. Minima repellendus beatae neque animi sequi.', 1, '2019-05-01 13:24:27', '2019-05-01 13:24:27'),
(57, 79, 'Tre Rodriguez II', 'Ut quod dolorem enim voluptate. Architecto et nostrum et placeat corporis sapiente est. Deleniti nobis ut nostrum et dolores fugit labore. Consequatur unde illum mollitia culpa enim dolorem.', 5, '2019-05-01 13:24:27', '2019-05-01 13:24:27'),
(58, 20, 'Mrs. Delores Johnson V', 'Enim quaerat aliquid soluta impedit. Sit temporibus qui quisquam dolor asperiores earum. Consectetur ipsum occaecati quis et veniam pariatur. Adipisci eius ipsum qui vel nisi facilis.', 1, '2019-05-01 13:24:27', '2019-05-01 13:24:27'),
(59, 20, 'Otho Satterfield PhD', 'Aut temporibus eaque optio in. Sapiente provident qui dolores tempora id et iusto dignissimos. Veniam facilis id fugiat dolor itaque quia dolore. Consequuntur harum odit voluptatibus saepe qui.', 4, '2019-05-01 13:24:27', '2019-05-01 13:24:27'),
(60, 3, 'Prof. Eldred Kuvalis', 'Rerum illo modi inventore rerum sed. Quasi velit distinctio optio dolor animi occaecati. Similique assumenda sequi corporis sunt deleniti.', 3, '2019-05-01 13:24:27', '2019-05-01 13:24:27'),
(61, 3, 'Abigayle Koch', 'Et molestiae temporibus et blanditiis voluptatum voluptas et. Est eum nobis explicabo at vel. Eius incidunt corrupti a non inventore. Nulla tempora voluptatibus sit et cumque ut nam enim.', 1, '2019-05-01 13:24:27', '2019-05-01 13:24:27'),
(62, 31, 'Otto Flatley', 'Perferendis itaque quia doloremque consectetur laudantium. Veritatis eum ducimus sint possimus corrupti non. Itaque et tempore eos natus qui. Reprehenderit temporibus optio vel ut. Culpa cum tempora et illo dolores.', 2, '2019-05-01 13:24:27', '2019-05-01 13:24:27'),
(63, 89, 'Miss Britney Breitenberg', 'Magni numquam commodi libero voluptatum. Debitis quis laboriosam rerum eos. Eos quo voluptate libero eligendi.', 3, '2019-05-01 13:24:27', '2019-05-01 13:24:27'),
(64, 91, 'Gilda Bosco', 'Ea aut nobis quasi eos consequatur ut. Similique sequi voluptatem rerum excepturi. Laboriosam odit et omnis neque nam ut quisquam.', 3, '2019-05-01 13:24:27', '2019-05-01 13:24:27'),
(65, 10, 'Herman Stoltenberg', 'Sunt voluptate qui earum totam molestiae ex et. Autem ducimus eum voluptatem est expedita. Ut eius nihil aliquid adipisci nulla expedita ea. Accusantium explicabo dolorem ut fuga sed.', 2, '2019-05-01 13:24:27', '2019-05-01 13:24:27'),
(66, 60, 'Dr. Noe Hayes III', 'Eum nobis eum suscipit. Esse magnam quia id. Aliquam magnam architecto ut dolorem quaerat debitis eius sed. Rerum nisi voluptatum maiores voluptas odit labore consequatur.', 3, '2019-05-01 13:24:27', '2019-05-01 13:24:27'),
(67, 71, 'Scarlett Wiegand', 'Similique est necessitatibus maxime velit eaque. Voluptas ut consequatur dolor quis dolor dolores vitae. Unde eum ipsam perferendis nulla tempore animi.', 5, '2019-05-01 13:24:27', '2019-05-01 13:24:27'),
(68, 62, 'Dr. Dino Schoen', 'Vel laudantium aut quod. Ducimus assumenda et quia enim accusamus rerum officiis. Sed non reprehenderit ducimus et nihil nobis quia. Ab amet deserunt tempora voluptatem.', 2, '2019-05-01 13:24:27', '2019-05-01 13:24:27'),
(69, 25, 'Janelle Larson II', 'Dolorum eligendi qui maxime molestiae neque. Ad aut sapiente vel omnis ut quia. Aliquam animi tenetur totam quibusdam corrupti. Consequuntur dolor voluptatum non ipsum sunt ducimus.', 2, '2019-05-01 13:24:27', '2019-05-01 13:24:27'),
(70, 79, 'Danika Crist', 'Ex quo saepe quaerat. Ipsam et possimus molestias beatae. Magni animi alias eos non. Ut aliquid aut aut et velit.', 5, '2019-05-01 13:24:27', '2019-05-01 13:24:27'),
(71, 19, 'Winifred Blick', 'Voluptas ipsa ipsam non est quas beatae dolores. Voluptatibus libero ut ducimus eveniet magni. Aliquam voluptatem sed quia quis repellendus et perferendis. Blanditiis autem delectus sunt quo iusto nisi et.', 1, '2019-05-01 13:24:27', '2019-05-01 13:24:27'),
(72, 53, 'Enid Reinger', 'Repellat odit tempora fuga est. Mollitia velit voluptas animi similique molestiae explicabo sint.', 5, '2019-05-01 13:24:27', '2019-05-01 13:24:27'),
(73, 34, 'Winnifred Adams', 'Sed deserunt sit et reiciendis. Non id possimus sit. Quos sed quam eaque non. Perspiciatis maxime fugit tempora similique eum quis omnis.', 5, '2019-05-01 13:24:27', '2019-05-01 13:24:27'),
(74, 7, 'Jazmyne Schimmel', 'Voluptatem tempora pariatur dolorem. Explicabo aut iure maiores qui sed.', 1, '2019-05-01 13:24:27', '2019-05-01 13:24:27'),
(75, 34, 'Lila Schuster', 'Officiis occaecati nostrum aut eaque. Nesciunt nesciunt odit facilis sunt hic quas officia et. Assumenda et veniam in culpa corrupti magni.', 3, '2019-05-01 13:24:27', '2019-05-01 13:24:27'),
(76, 98, 'Walter Langworth', 'Dicta earum cumque nobis molestiae. Quis fugiat est nulla dolores. Dolores eaque excepturi eligendi voluptatem omnis consequatur. Molestiae aut aut magni.', 2, '2019-05-01 13:24:28', '2019-05-01 13:24:28'),
(77, 61, 'Dr. Joaquin Abshire MD', 'Minima sit consequatur asperiores amet ut ad ex. Unde molestias est adipisci cupiditate. Deserunt voluptas aut quia doloremque dolorum et.', 2, '2019-05-01 13:24:28', '2019-05-01 13:24:28'),
(78, 40, 'Dr. Makayla Gutkowski', 'Ab est expedita voluptatem corporis debitis velit. Ipsam suscipit sit eligendi ullam iste dolorem tempore. Et voluptas quo numquam vero voluptatem sit.', 1, '2019-05-01 13:24:28', '2019-05-01 13:24:28'),
(79, 95, 'Walter Schowalter', 'Quia sint est autem consectetur cupiditate. Molestias voluptas consequatur debitis repellendus. Incidunt possimus sunt ex. Corporis totam voluptas quasi dicta et omnis. Aut id dolor in.', 3, '2019-05-01 13:24:28', '2019-05-01 13:24:28'),
(80, 13, 'Pierre Ankunding', 'Est nobis laboriosam reiciendis dolorem ipsum. Et quidem tempore modi sint iusto. Totam nemo quia earum.', 2, '2019-05-01 13:24:28', '2019-05-01 13:24:28'),
(81, 48, 'Dr. Sigurd Kuhn Sr.', 'Recusandae ipsam nemo eos fuga. Molestiae sint quisquam quibusdam. Aliquam ipsum ipsa quam quis. Autem quisquam explicabo quas autem eos.', 1, '2019-05-01 13:24:28', '2019-05-01 13:24:28'),
(82, 92, 'Claudine Reichel PhD', 'Necessitatibus assumenda soluta ut ipsum. Rerum illo praesentium eveniet reprehenderit optio sit.', 3, '2019-05-01 13:24:28', '2019-05-01 13:24:28'),
(83, 84, 'Dr. Gwendolyn Murphy', 'Pariatur qui est debitis ab. Harum maxime sequi reprehenderit delectus porro rem eveniet. Exercitationem quis ab et aperiam dolores. Eos aut corporis quibusdam atque ea omnis quos. Ut quo et modi dolores.', 4, '2019-05-01 13:24:28', '2019-05-01 13:24:28'),
(84, 89, 'Halie Huels', 'Facere voluptas quo voluptas molestias enim adipisci. Voluptate minima eum corrupti maiores unde natus eos. Doloremque iste fugit voluptatum at qui quo fugiat nihil.', 4, '2019-05-01 13:24:28', '2019-05-01 13:24:28'),
(85, 56, 'Myrl Gerlach', 'Eum modi vero minus soluta aliquid mollitia accusantium dolorem. Iste voluptatum deserunt minima aut. Quasi sit fuga sapiente neque rerum at porro. Dolorum dolore nesciunt rerum et.', 3, '2019-05-01 13:24:28', '2019-05-01 13:24:28'),
(86, 44, 'Robert Zemlak', 'Corporis sunt deleniti reiciendis veritatis. Id qui deserunt in voluptas qui libero voluptatem. Harum quia dolor animi natus neque dolorem libero similique. Repellendus ut cum est eligendi sit ducimus.', 4, '2019-05-01 13:24:28', '2019-05-01 13:24:28'),
(87, 10, 'Audreanne McKenzie', 'Libero sit tempora vel ullam velit ullam. Architecto voluptatem eum quod vel harum officia aperiam.', 4, '2019-05-01 13:24:28', '2019-05-01 13:24:28'),
(88, 66, 'Remington Padberg', 'Excepturi commodi ducimus illum vel aspernatur. Mollitia expedita nam placeat ea sapiente. Ut asperiores qui laudantium necessitatibus repellendus aut voluptatem.', 3, '2019-05-01 13:24:28', '2019-05-01 13:24:28'),
(89, 22, 'Baron Wisoky', 'Aperiam id laudantium dignissimos quidem cupiditate sit. Odio enim quasi suscipit omnis ut. Ut eveniet exercitationem qui omnis.', 2, '2019-05-01 13:24:28', '2019-05-01 13:24:28'),
(90, 20, 'Sam Klein', 'Fugiat quis eligendi quo unde sequi possimus minima. Magnam nihil qui error quia in. Et rerum in incidunt quidem a. Reprehenderit deleniti maiores eius eos cupiditate velit sunt.', 2, '2019-05-01 13:24:28', '2019-05-01 13:24:28'),
(91, 9, 'Everett Hickle', 'At eius voluptates ut explicabo explicabo itaque quo. Autem dolorem tempora quasi quos officia. In quia ab laudantium culpa enim. Fugit fugiat tempora accusantium. Quia eveniet omnis itaque sed fugiat.', 5, '2019-05-01 13:24:28', '2019-05-01 13:24:28'),
(92, 85, 'Estrella Osinski', 'Quia autem totam occaecati in facere harum. Illum autem eum eum at eveniet non veniam. Libero occaecati sunt autem ea et eum.', 5, '2019-05-01 13:24:28', '2019-05-01 13:24:28'),
(93, 64, 'Fleta Bartoletti III', 'Explicabo et excepturi nihil quasi et quibusdam laboriosam. Repudiandae similique corporis sed suscipit molestiae. Aut ratione suscipit omnis in velit optio corporis ad. Adipisci voluptates quisquam provident.', 5, '2019-05-01 13:24:28', '2019-05-01 13:24:28'),
(94, 4, 'Rex Collins', 'Aliquam vero nisi rem error non magni. Dolor nemo quis id cupiditate sunt. Aut et deserunt dolorem architecto iusto.', 5, '2019-05-01 13:24:28', '2019-05-01 13:24:28'),
(95, 82, 'Luisa Wilderman', 'Et illum esse facilis sit enim. Omnis at aut sequi omnis odio aliquam laudantium quaerat. Et vel possimus aut cum velit quia temporibus.', 3, '2019-05-01 13:24:28', '2019-05-01 13:24:28'),
(96, 98, 'Willis Goyette', 'Sequi provident asperiores tempore. Facilis quia laudantium unde odio eum reiciendis placeat. Quas maxime rerum commodi natus consequatur unde et.', 1, '2019-05-01 13:24:28', '2019-05-01 13:24:28'),
(97, 14, 'Earnest Boyle Sr.', 'Molestiae itaque enim quod qui officia non neque. Expedita consectetur occaecati perferendis ut qui soluta quod. Eius id ratione fuga perferendis iste architecto. Distinctio deleniti et iure officia iure consequatur error.', 4, '2019-05-01 13:24:28', '2019-05-01 13:24:28'),
(98, 54, 'Dr. Glen Dickinson', 'Perferendis ut et recusandae sunt vitae dolorum. Distinctio est occaecati sit qui dolorem quia excepturi. Qui labore reiciendis facilis eum tempora ut.', 2, '2019-05-01 13:24:28', '2019-05-01 13:24:28'),
(99, 44, 'Mr. Rowland Torphy MD', 'Quia pariatur voluptatum qui perspiciatis voluptatem enim omnis. Unde voluptas nihil labore voluptatibus non eum ipsam. Ea vero error aut ab cumque nam voluptas.', 3, '2019-05-01 13:24:29', '2019-05-01 13:24:29'),
(100, 11, 'Edmund Balistreri PhD', 'Ea et ullam possimus quo voluptate commodi aperiam voluptatum. Id et omnis possimus dolores explicabo quia aliquid. Dicta voluptas deserunt quia quo alias. Magnam molestias facere commodi architecto voluptas provident. Excepturi aspernatur harum qui ea.', 4, '2019-05-01 13:24:29', '2019-05-01 13:24:29'),
(101, 67, 'Oliver Dietrich', 'Minima quia dignissimos et animi ipsa modi. Dolorem et molestiae sapiente. A dolorem a quisquam qui soluta accusamus qui. Quod illo dolorem dolore perspiciatis neque nihil ipsum.', 1, '2019-05-01 13:24:29', '2019-05-01 13:24:29'),
(102, 1, 'Serenity Lynch', 'Voluptates repellendus eos eaque sed. Est dolores dolor ratione accusamus iste architecto non qui. Qui commodi quod autem iure.', 3, '2019-05-01 13:24:29', '2019-05-01 13:24:29'),
(103, 32, 'Natalie Pfannerstill', 'Nesciunt voluptatum fugit praesentium voluptas. Nostrum assumenda dolore eos reprehenderit et. Voluptas nobis omnis excepturi autem aperiam.', 2, '2019-05-01 13:24:29', '2019-05-01 13:24:29'),
(104, 26, 'Dr. Harley Pagac II', 'Iste fugit enim expedita qui. Suscipit fugiat a blanditiis eum ipsa maiores. Rerum alias et quibusdam enim repellat in omnis dignissimos. Dolorem dicta eos dolore cum quos.', 3, '2019-05-01 13:24:29', '2019-05-01 13:24:29'),
(105, 36, 'Nick Goldner', 'Facilis rerum aliquid facere odit. Et dolorum consectetur sunt iste voluptatem iste. Provident aut molestiae ad quam quia tempore ipsum.', 2, '2019-05-01 13:24:29', '2019-05-01 13:24:29'),
(106, 68, 'Jerry O\'Connell', 'Iusto nemo quia voluptatem sint quis adipisci. Repudiandae nemo illo est dolore numquam. Enim ut cum possimus vel et dolore voluptatum.', 4, '2019-05-01 13:24:29', '2019-05-01 13:24:29'),
(107, 94, 'Dr. Shanelle Oberbrunner', 'Accusantium iste itaque nobis dolorem tempore est explicabo. Nam vel quo doloribus quibusdam sapiente quis voluptatem. Suscipit voluptatem odio nihil eligendi aut. Sint quia impedit voluptatem praesentium.', 5, '2019-05-01 13:24:29', '2019-05-01 13:24:29'),
(108, 53, 'Prof. Sherwood Bahringer DVM', 'Quia non nulla iure iste. In aut voluptas corrupti voluptatem ab maiores.', 4, '2019-05-01 13:24:29', '2019-05-01 13:24:29'),
(109, 34, 'Prof. Reuben Bogisich', 'Voluptates amet dicta rem at molestiae consequuntur repudiandae. Non mollitia quasi consequatur at. Nobis placeat sed rerum eaque. Placeat sed rem qui inventore reprehenderit quibusdam.', 5, '2019-05-01 13:24:29', '2019-05-01 13:24:29'),
(110, 6, 'Jefferey Runolfsson', 'Odit fuga rerum neque. Voluptatibus quis repellendus pariatur quae. Tempora harum esse voluptatum qui sint delectus. Debitis eum est totam aperiam quisquam voluptas. Quia vel nostrum ut ut ut repellat.', 1, '2019-05-01 13:24:29', '2019-05-01 13:24:29'),
(111, 79, 'Maxine Bahringer', 'Pariatur ratione ab rerum quod voluptas culpa odio. Veritatis sequi natus iusto maiores quos repellat. Eligendi voluptatem alias sed omnis voluptate quas. Aliquid doloremque mollitia omnis molestias odio rerum reiciendis.', 3, '2019-05-01 13:24:29', '2019-05-01 13:24:29'),
(112, 92, 'Icie Gutkowski', 'Maxime libero excepturi odit. Dolores exercitationem ut dolore harum quas. Alias adipisci ut nisi corrupti aut.', 2, '2019-05-01 13:24:29', '2019-05-01 13:24:29'),
(113, 19, 'Camilla Welch', 'Earum quo minima iste numquam quod. Quo dolore tempore incidunt quae. Quis fugiat distinctio vero dolor dolorem facilis quo et. Enim ut ipsa eveniet deleniti eos ab.', 3, '2019-05-01 13:24:29', '2019-05-01 13:24:29'),
(114, 71, 'Miss Orpha Toy DVM', 'Sapiente dolorem quaerat placeat officia in nesciunt rerum. Voluptatem et officia qui ipsum distinctio. Vel aut ex molestias possimus doloribus laboriosam.', 4, '2019-05-01 13:24:29', '2019-05-01 13:24:29'),
(115, 96, 'Jadyn Morar', 'Neque mollitia magnam dolor vel est sunt nihil. Quam nulla aut et rerum. Sed sed nihil voluptas non dolor blanditiis. Quod dolor veniam molestias facilis possimus.', 5, '2019-05-01 13:24:29', '2019-05-01 13:24:29'),
(116, 73, 'Prof. Melany Hegmann III', 'Commodi corrupti nihil ab eveniet sapiente voluptatem nostrum quo. Ad odio delectus aliquam beatae. Qui est quo sunt aut et. Ut ut earum dolor aperiam veniam odio repellat.', 1, '2019-05-01 13:24:29', '2019-05-01 13:24:29'),
(117, 34, 'Angelina Hartmann', 'Nihil architecto optio omnis numquam aut fugit. Omnis minus quia alias accusamus sequi.', 1, '2019-05-01 13:24:29', '2019-05-01 13:24:29'),
(118, 89, 'Stone Harvey', 'Qui in ducimus dolorem est fuga. Dolor aut et occaecati architecto explicabo. Beatae et sunt ipsa error rerum autem delectus.', 4, '2019-05-01 13:24:29', '2019-05-01 13:24:29'),
(119, 23, 'Dr. Fabiola Kohler DVM', 'Consequatur deserunt autem consequatur sit. In alias accusantium quia quasi enim.', 3, '2019-05-01 13:24:29', '2019-05-01 13:24:29'),
(120, 98, 'Prof. Tess Witting Sr.', 'Neque quo omnis voluptatibus vero quasi cum cupiditate. Rerum consequatur quia aut magni consequatur. Maiores iste repellendus fugit aspernatur voluptatibus doloribus. Inventore voluptatem commodi sapiente consequatur qui.', 5, '2019-05-01 13:24:29', '2019-05-01 13:24:29'),
(121, 13, 'Reanna Kunde', 'Eum rem quod quaerat maxime fugit. Dolores facere qui ea perferendis nostrum nihil. Eaque dolorem laborum voluptas quia magni ex. Eum et sed ipsum.', 5, '2019-05-01 13:24:30', '2019-05-01 13:24:30'),
(122, 9, 'Adell Schumm', 'Sit et fugit quo tenetur quo quas impedit. Corporis eius explicabo dolores iste voluptates voluptas. Nihil tempore sequi nihil nisi vel. Quas ullam blanditiis quo harum eligendi aut.', 2, '2019-05-01 13:24:30', '2019-05-01 13:24:30'),
(123, 94, 'Laverna Kuvalis', 'Accusamus et deleniti itaque blanditiis. Nesciunt quia dolores et. Incidunt alias vel perspiciatis aut expedita natus. Excepturi veritatis cum amet nihil id.', 4, '2019-05-01 13:24:30', '2019-05-01 13:24:30'),
(124, 87, 'Dr. Charley Jenkins', 'Dolores consequatur aspernatur repellat. Nemo doloribus nesciunt quia aut. Tempore ea consequatur non omnis similique.', 1, '2019-05-01 13:24:30', '2019-05-01 13:24:30'),
(125, 1, 'Jerald Okuneva', 'Quo assumenda reiciendis dolores rem illum odio. Neque nihil amet officiis nemo. Earum cum fugit dolorem eveniet aut eos.', 1, '2019-05-01 13:24:30', '2019-05-01 13:24:30'),
(126, 23, 'Palma Lowe', 'Explicabo occaecati consequuntur consequatur explicabo blanditiis. Vel neque voluptatum aut molestiae quo eligendi commodi sapiente. Modi voluptates nihil est. Non veniam quod aspernatur et natus. Unde voluptatem quibusdam vitae facere omnis cupiditate qui.', 5, '2019-05-01 13:24:30', '2019-05-01 13:24:30'),
(127, 74, 'Dr. Maynard Okuneva', 'Quis et optio aut vero tenetur. Ea impedit veritatis nihil deleniti. Similique ut voluptas eius totam temporibus ullam quod aut.', 1, '2019-05-01 13:24:30', '2019-05-01 13:24:30'),
(128, 36, 'Verlie Friesen MD', 'Numquam fuga ut sed laudantium. Dicta debitis qui harum ipsam placeat excepturi. Quia nostrum libero odio quia nihil accusantium praesentium.', 4, '2019-05-01 13:24:30', '2019-05-01 13:24:30'),
(129, 62, 'Prof. Orin Kirlin', 'Quis explicabo veniam id magnam. Quae quia laborum explicabo nostrum quam tempora quos eos. Blanditiis rerum nam itaque id.', 1, '2019-05-01 13:24:30', '2019-05-01 13:24:30'),
(130, 82, 'Johathan Beatty V', 'Non explicabo sunt non iusto tempora. Repudiandae explicabo et exercitationem ut quia cupiditate. Alias ipsum iusto est quia voluptas aut exercitationem. Amet voluptas cupiditate non illum odio.', 4, '2019-05-01 13:24:30', '2019-05-01 13:24:30'),
(131, 80, 'Rhiannon Hilpert', 'Sit amet veniam quo consectetur corporis recusandae mollitia. Aut omnis velit recusandae. Quia fuga est id magnam at pariatur ipsam quis. Et voluptatem iure ut praesentium distinctio. Nisi ipsum molestias debitis similique aut eligendi.', 1, '2019-05-01 13:24:30', '2019-05-01 13:24:30'),
(132, 78, 'Elmer Franecki Jr.', 'Et consectetur laborum optio eligendi voluptatem nesciunt facilis. Et necessitatibus alias tenetur voluptas. Sunt itaque at laboriosam provident at et.', 3, '2019-05-01 13:24:30', '2019-05-01 13:24:30'),
(133, 81, 'Wilford Barrows', 'Minus dolorem doloribus voluptatibus dolores. Nulla tempore natus natus nihil. Necessitatibus quidem aut repellat repudiandae qui.', 5, '2019-05-01 13:24:30', '2019-05-01 13:24:30'),
(134, 23, 'Sean Stanton', 'Numquam expedita ut voluptate illo magnam eos provident occaecati. Nostrum mollitia sit facilis. Et eum suscipit et dicta.', 5, '2019-05-01 13:24:30', '2019-05-01 13:24:30'),
(135, 3, 'Letha Kertzmann', 'Voluptatibus itaque maxime et nesciunt fugiat est sint. Qui aut impedit enim asperiores excepturi nam. Qui nam eius modi eaque ipsam. Cum et provident et tempore vel.', 1, '2019-05-01 13:24:30', '2019-05-01 13:24:30'),
(136, 68, 'Shaylee D\'Amore', 'Quam error incidunt dolorem nisi nostrum quaerat deleniti. Necessitatibus sunt minus soluta voluptatem ipsum veritatis unde. Qui dolore vel ut dolores cum. Aut sed blanditiis aut et aperiam eum. Omnis qui sed commodi eius aperiam voluptatibus consectetur.', 4, '2019-05-01 13:24:30', '2019-05-01 13:24:30'),
(137, 39, 'Deborah Hill', 'Temporibus qui facilis et molestiae. Vero in eaque quidem reprehenderit expedita magni vero. Similique quia quasi beatae ut voluptas exercitationem.', 1, '2019-05-01 13:24:30', '2019-05-01 13:24:30'),
(138, 87, 'Kelli Reynolds V', 'Deserunt eveniet ad sunt perspiciatis eaque. Numquam aliquid ex ea porro ea molestiae et et. Voluptatem omnis veniam aspernatur blanditiis ea quisquam. Nihil aliquid neque est aut sed ipsa mollitia dolorem. Eos magnam est doloribus nihil necessitatibus.', 2, '2019-05-01 13:24:30', '2019-05-01 13:24:30'),
(139, 79, 'Andres Kutch', 'Dignissimos modi sed impedit ipsam. Enim voluptatum voluptas quis fugit rerum consectetur. Ut laudantium culpa ea maxime unde qui. Fugiat ad quia corporis natus quasi.', 4, '2019-05-01 13:24:31', '2019-05-01 13:24:31'),
(140, 53, 'Dr. Mozell Fahey III', 'Aliquam veritatis eius eum eaque architecto aspernatur. Rerum dolores incidunt neque ducimus animi corporis cum. Dolorem eveniet inventore ut. Minima corporis molestiae et id velit culpa.', 3, '2019-05-01 13:24:31', '2019-05-01 13:24:31'),
(141, 49, 'Dr. Alexandria Bartoletti Jr.', 'Sit assumenda dolorem inventore ratione doloribus. Et cupiditate repellat qui sed et. Ullam delectus officia ex praesentium minima. Ea voluptatem similique minima et dignissimos quam voluptas. Dolores sed cum quia consectetur.', 1, '2019-05-01 13:24:31', '2019-05-01 13:24:31'),
(142, 32, 'Stella Ritchie', 'Itaque voluptatem possimus nihil sint laboriosam et maxime. Dolor autem voluptas id voluptatem. Qui error maxime facilis est quis. Quod porro vel ut non autem aut.', 2, '2019-05-01 13:24:31', '2019-05-01 13:24:31'),
(143, 34, 'Dr. Griffin Marks Jr.', 'Consequatur est sunt debitis et. Non et tempora itaque praesentium aut eveniet laborum. Nisi libero aut quia ut facilis. Dolor dolor aut suscipit praesentium sed.', 5, '2019-05-01 13:24:31', '2019-05-01 13:24:31'),
(144, 92, 'Dr. Patrick Swift II', 'A et dolores quia voluptas. Fugiat quia quidem praesentium dicta non tempore eius. Ad ut consectetur voluptas.', 4, '2019-05-01 13:24:31', '2019-05-01 13:24:31'),
(145, 83, 'Darryl Schinner V', 'Iusto sed nesciunt voluptatem in rerum quia alias vel. Rem nihil voluptas tempore. Cum sit voluptates similique magni.', 4, '2019-05-01 13:24:31', '2019-05-01 13:24:31'),
(146, 54, 'Camylle Kuvalis IV', 'Autem iure ut non molestiae maiores cum. Occaecati est consequatur sunt sit et error. Fugit enim mollitia error rerum aut consectetur eveniet. Tempora eum dolores alias aut maxime. Est officia quia vitae magnam nostrum libero.', 4, '2019-05-01 13:24:31', '2019-05-01 13:24:31'),
(147, 30, 'Loy Pfeffer', 'Fuga illo ipsum aperiam officiis et. Aut soluta ut error aut dolorem. Veniam et aut quia et dignissimos. Ex vel id qui qui.', 5, '2019-05-01 13:24:31', '2019-05-01 13:24:31'),
(148, 93, 'Neoma Wilderman', 'Sequi maxime laboriosam molestiae adipisci mollitia aliquid. Consequatur ipsum nam ut consequuntur vel. Possimus ratione sit et praesentium ducimus expedita.', 5, '2019-05-01 13:24:31', '2019-05-01 13:24:31'),
(149, 36, 'Prof. Tiana Wiegand', 'Provident officiis voluptatum dignissimos quis aut. Velit voluptatem qui et similique dolorum quia est. Quidem quasi debitis alias sapiente tempore veniam maiores officiis. Et dolore corporis eos corporis animi est magnam sed.', 4, '2019-05-01 13:24:31', '2019-05-01 13:24:31'),
(150, 27, 'Allan Labadie', 'Eius natus quia voluptatem aut ea maxime esse quod. Ut et reprehenderit facere totam. Ipsam eos a quis odit delectus ut.', 5, '2019-05-01 13:24:31', '2019-05-01 13:24:31'),
(151, 73, 'Leopoldo Skiles', 'Qui et quaerat earum laborum quas eligendi. Iure veritatis et iure qui. Omnis magni architecto et voluptatem quidem dolor est similique. Ut ab est minus eos quis suscipit.', 2, '2019-05-01 13:24:31', '2019-05-01 13:24:31'),
(152, 61, 'Dr. Tierra Kub', 'Rerum commodi omnis quas facere similique. Est inventore nihil enim repudiandae soluta fuga. Quisquam ut nulla eum dolorem eveniet rem aut. Cumque illum quo veritatis placeat incidunt nam perspiciatis.', 2, '2019-05-01 13:24:31', '2019-05-01 13:24:31'),
(153, 13, 'Dr. Kaleb Stamm', 'Velit unde molestias voluptas reiciendis iste. Quis qui iusto dolores mollitia nemo debitis. Facilis consequatur laborum voluptatum amet saepe porro et. Dolorem qui nihil eum blanditiis non beatae aliquid. Quia deleniti hic ipsa et debitis.', 3, '2019-05-01 13:24:31', '2019-05-01 13:24:31'),
(154, 36, 'Janet Pfannerstill', 'Cupiditate non explicabo fuga qui. Ut pariatur est corporis ea magnam ullam. Occaecati quis quam omnis facilis ut facilis odio sapiente. Sed omnis in saepe veritatis saepe soluta esse.', 2, '2019-05-01 13:24:31', '2019-05-01 13:24:31'),
(155, 82, 'Mona Brown', 'Nam ducimus voluptas explicabo earum corrupti. Omnis consequuntur aspernatur neque. Neque et quia possimus voluptatem consequuntur fugiat eveniet voluptas. Minima odio eaque odit cupiditate pariatur nam voluptatem voluptatum.', 4, '2019-05-01 13:24:31', '2019-05-01 13:24:31'),
(156, 1, 'Ervin Kuhn', 'Sed mollitia expedita quo est. Sed aut qui ea. Vitae enim iusto ullam qui enim aliquam.', 1, '2019-05-01 13:24:31', '2019-05-01 13:24:31'),
(157, 15, 'Mrs. Ruby Funk V', 'Dolores tenetur quis officia ea enim. Commodi qui id impedit dolorum qui ad. Alias quia itaque provident eligendi qui qui.', 3, '2019-05-01 13:24:31', '2019-05-01 13:24:31'),
(158, 68, 'Mr. Joseph Ullrich', 'Id explicabo aliquam ducimus quam ea quia. Qui velit exercitationem dolorem est non. Illum voluptatem dolores qui excepturi.', 3, '2019-05-01 13:24:31', '2019-05-01 13:24:31'),
(159, 38, 'Mrs. Breanna Reichert Jr.', 'Ullam placeat iusto tempore dolorem voluptas. Quisquam molestiae est delectus quia. Vel atque eveniet cupiditate.', 2, '2019-05-01 13:24:31', '2019-05-01 13:24:31'),
(160, 70, 'Prof. Joseph Pfeffer', 'Qui quia ut est corporis. Sunt non ea qui est similique qui quaerat. Quia quia et animi ea et nam.', 3, '2019-05-01 13:24:32', '2019-05-01 13:24:32'),
(161, 56, 'Prof. Ibrahim Murazik DDS', 'Ad ex est magni consequatur excepturi. Aperiam ut iure dolor ducimus non soluta dignissimos. Tempore dolores ipsa animi.', 4, '2019-05-01 13:24:32', '2019-05-01 13:24:32'),
(162, 80, 'Prof. Telly Wintheiser', 'Aliquam omnis atque corporis minima nesciunt aut error. Molestiae eligendi aspernatur vitae esse sit excepturi. Fugiat mollitia est facilis quasi. Magni dicta laudantium incidunt doloribus ut.', 2, '2019-05-01 13:24:32', '2019-05-01 13:24:32'),
(163, 67, 'Art Cruickshank', 'Aliquid id voluptatem occaecati aut illum ratione suscipit. Quaerat quia aut rerum. Ut fuga esse omnis tempore sed.', 3, '2019-05-01 13:24:32', '2019-05-01 13:24:32'),
(164, 40, 'Prof. Carole Schiller', 'Aut optio laudantium suscipit voluptatum. Rem veniam id qui alias impedit nesciunt non. Enim sed ea harum quo impedit magni. Vel tempora pariatur consectetur numquam corrupti ut numquam.', 1, '2019-05-01 13:24:32', '2019-05-01 13:24:32'),
(165, 53, 'Deangelo Watsica', 'Eveniet accusamus fugiat nihil dolorum laudantium repellendus ad. Velit illo dicta unde illum aut quis minus at. Omnis qui saepe voluptatem consectetur nesciunt dolorum tempora.', 5, '2019-05-01 13:24:32', '2019-05-01 13:24:32'),
(166, 62, 'Prof. Ruthie Gleichner', 'Neque ut qui quia ipsum sint labore doloremque deleniti. Aliquid ullam repudiandae et qui. Quasi quae non est expedita. Sed vero ut et ipsam occaecati. Earum rem aut ab rerum.', 2, '2019-05-01 13:24:32', '2019-05-01 13:24:32'),
(167, 89, 'Benny Kreiger', 'Consequatur dolore maxime magni repellendus voluptatem. Explicabo suscipit quis vitae voluptatem.', 3, '2019-05-01 13:24:32', '2019-05-01 13:24:32'),
(168, 93, 'Miss Myrna Cummerata', 'Iste sequi id quasi officia nisi modi. Qui voluptates iste dolorem aut. Ea ab culpa quasi excepturi ut.', 5, '2019-05-01 13:24:32', '2019-05-01 13:24:32'),
(169, 35, 'Thalia Beier Sr.', 'Sint aperiam et sed repellendus. Quia rerum enim quia iste. Quos ipsum accusantium qui doloremque amet nihil voluptatem rem.', 1, '2019-05-01 13:24:32', '2019-05-01 13:24:32'),
(170, 15, 'Flavio Wyman', 'Rerum facilis ut maxime. Voluptates facere quaerat a voluptas officiis. Ducimus incidunt labore quia ut aperiam quo libero.', 4, '2019-05-01 13:24:32', '2019-05-01 13:24:32'),
(171, 76, 'Noel Jacobson', 'Excepturi excepturi distinctio qui delectus. Sed consequatur illo repellendus expedita doloremque laborum. Cumque fugiat neque quidem.', 3, '2019-05-01 13:24:32', '2019-05-01 13:24:32'),
(172, 62, 'Rollin Rutherford', 'Ut incidunt placeat ab et voluptatibus. Rerum eum laborum error voluptatum optio dolorem. Eum reprehenderit esse explicabo. Incidunt temporibus necessitatibus quidem minus ipsa eum repellat.', 2, '2019-05-01 13:24:32', '2019-05-01 13:24:32'),
(173, 83, 'Rico Kihn', 'Aliquid pariatur quas id. Officia suscipit rerum tenetur. Et et dignissimos commodi eligendi tempore quos. Similique sunt velit nihil delectus placeat sapiente similique.', 4, '2019-05-01 13:24:32', '2019-05-01 13:24:32'),
(174, 67, 'Annabell Glover', 'Dolores tempora at suscipit fuga. Quia vel cupiditate voluptatibus quo eos. Distinctio culpa fugiat architecto.', 4, '2019-05-01 13:24:32', '2019-05-01 13:24:32'),
(175, 27, 'Prof. Michael Paucek DVM', 'Autem enim ipsa harum maxime voluptatem reprehenderit. Odio impedit quis et eos quam iste dolore. Odit veniam et harum maiores illo itaque eveniet ea.', 2, '2019-05-01 13:24:32', '2019-05-01 13:24:32'),
(176, 90, 'Randall Brakus', 'Optio eos debitis laudantium et laudantium voluptatem quidem. Quia hic similique quia aut et optio. In dolores voluptates aliquid.', 2, '2019-05-01 13:24:32', '2019-05-01 13:24:32'),
(177, 12, 'Nikita Jenkins III', 'Ea ratione cumque omnis vitae sint reprehenderit. Necessitatibus rerum perferendis nulla ad quam omnis eum. Excepturi repellendus iusto alias.', 3, '2019-05-01 13:24:32', '2019-05-01 13:24:32'),
(178, 67, 'Mr. Charles Hickle', 'Eos ut velit aut delectus voluptatibus vel iste. Qui ratione quia consequatur. Quo laboriosam qui itaque saepe quam quod.', 3, '2019-05-01 13:24:32', '2019-05-01 13:24:32'),
(179, 60, 'Dr. Jordi Wilkinson I', 'Eveniet quibusdam autem voluptas qui ipsa doloribus. Dolorum qui repellendus inventore dolore porro autem. Aut unde similique qui qui dolore dolorem. Numquam laudantium et et saepe earum ad.', 3, '2019-05-01 13:24:33', '2019-05-01 13:24:33'),
(180, 73, 'Clemmie Runte', 'Qui quia vel nihil atque quia ea qui labore. Delectus error quia eaque tempora deleniti quas. Et temporibus tempora esse expedita magni velit sit. Esse blanditiis et repudiandae ipsum qui quod ut voluptatem. Omnis voluptate voluptas sit dolorem.', 4, '2019-05-01 13:24:33', '2019-05-01 13:24:33'),
(181, 90, 'Dixie Jacobs', 'Aut est distinctio sed odio omnis maxime quia. Minus dolores magni sunt omnis. Tempora quia sint sunt rerum. Voluptatibus quas eaque velit blanditiis voluptatem dolores non.', 4, '2019-05-01 13:24:33', '2019-05-01 13:24:33'),
(182, 9, 'Malcolm Larson', 'Impedit ut ratione porro est. Facere temporibus dolores ut rem aut fuga delectus. Qui fugit quo magni quis omnis. Et omnis ut ut commodi facilis inventore.', 3, '2019-05-01 13:24:33', '2019-05-01 13:24:33'),
(183, 72, 'Consuelo Barrows', 'Atque dolorem dolores ut et quia dolor et. Eum soluta excepturi at porro reiciendis qui adipisci itaque. Omnis sed et aut qui.', 4, '2019-05-01 13:24:33', '2019-05-01 13:24:33'),
(184, 16, 'Kyleigh Goyette', 'Fugiat tenetur excepturi corrupti porro. Perferendis impedit libero hic quia. Et qui nihil aut et qui. Ullam magni et pariatur rerum possimus odit minus.', 2, '2019-05-01 13:24:33', '2019-05-01 13:24:33'),
(185, 22, 'Frederic Hamill', 'Ab optio ipsam perferendis et sed quis. Architecto sed eveniet sed et corporis aspernatur. Officia et vitae vel aut autem. Dolores sit eos optio eius.', 1, '2019-05-01 13:24:33', '2019-05-01 13:24:33'),
(186, 72, 'Johathan Kulas IV', 'Iusto cumque atque recusandae ipsum esse expedita. Laudantium aspernatur a molestiae eveniet illum.', 5, '2019-05-01 13:24:33', '2019-05-01 13:24:33'),
(187, 38, 'Prof. Dusty Fritsch IV', 'Saepe et officia eos repellat esse. Quo sed corrupti corrupti rerum. Reiciendis sunt est omnis et. Sed sit ut repellendus.', 3, '2019-05-01 13:24:33', '2019-05-01 13:24:33'),
(188, 64, 'Jaydon Kshlerin', 'Provident expedita sed rem atque et aut eius. Perspiciatis sed reprehenderit fugit qui velit iusto et fugit. Eius omnis nostrum incidunt cumque. Voluptatem qui et fuga occaecati dignissimos officia.', 4, '2019-05-01 13:24:33', '2019-05-01 13:24:33'),
(189, 49, 'Vito Baumbach', 'Similique aut occaecati enim modi asperiores et aut. Aliquid voluptatem ullam id possimus commodi dolores delectus. Sint iste eius autem dolorem quidem quasi soluta fugit. Voluptates ut qui corporis in quo non.', 5, '2019-05-01 13:24:33', '2019-05-01 13:24:33'),
(190, 77, 'Miss Amalia Waelchi', 'Voluptate maxime ducimus nesciunt a quia. Dolorem fugiat error quasi deserunt. Ad optio quod qui libero autem.', 1, '2019-05-01 13:24:33', '2019-05-01 13:24:33'),
(191, 24, 'Dennis Anderson', 'Vero rem nobis aliquid odio nobis ex. Et asperiores accusamus facilis voluptates ut. Similique quisquam est dolores consectetur autem aut.', 5, '2019-05-01 13:24:33', '2019-05-01 13:24:33'),
(192, 99, 'Makayla Keebler II', 'Libero et ut alias ea. Voluptatem unde quia esse perspiciatis doloremque reiciendis saepe veniam. Nihil exercitationem molestias a maiores voluptate ut quidem qui.', 4, '2019-05-01 13:24:33', '2019-05-01 13:24:33'),
(193, 70, 'Jessy Cummings', 'Perspiciatis neque mollitia eveniet sunt animi eum distinctio. Corrupti quos sed similique qui nostrum. Dolorem quae rerum atque ex.', 4, '2019-05-01 13:24:33', '2019-05-01 13:24:33'),
(194, 92, 'Leanne Runolfsson', 'Nam quis placeat molestiae illo soluta. Sequi voluptatum ut nisi dolore sequi. Velit sequi quas officia quisquam. Quis aperiam aut ad eos atque earum voluptatem sed.', 4, '2019-05-01 13:24:33', '2019-05-01 13:24:33'),
(195, 11, 'Ebba Anderson', 'Inventore mollitia exercitationem voluptas dolorum. Rem ea sed ut eos nihil laboriosam. Dolores numquam nihil vero. Autem quia et quaerat quod consequatur possimus.', 5, '2019-05-01 13:24:33', '2019-05-01 13:24:33'),
(196, 45, 'Maverick Altenwerth', 'Voluptas illo eius tempore eos et placeat. Dolores vero veniam fugiat et excepturi voluptatibus. Aut libero est provident quod at aliquid.', 5, '2019-05-01 13:24:33', '2019-05-01 13:24:33'),
(197, 20, 'Shayne Boyer', 'Omnis sapiente quis dicta numquam sunt. Rerum occaecati quia voluptatem voluptatibus accusamus. Occaecati dolor tempora quia modi ut laborum vero. Veritatis neque qui at.', 1, '2019-05-01 13:24:33', '2019-05-01 13:24:33'),
(198, 13, 'Landen Cremin', 'Ut rerum et aliquid. Id illum quo dignissimos sint fugiat. Nesciunt perferendis nisi vel maiores.', 1, '2019-05-01 13:24:33', '2019-05-01 13:24:33'),
(199, 78, 'Laura Reichel', 'Magni dolor quaerat nisi quaerat mollitia sequi deserunt. Sed quia iste placeat modi dolorem ut. Expedita et neque libero et aut et. Cumque sunt voluptatem est non illo.', 1, '2019-05-01 13:24:33', '2019-05-01 13:24:33'),
(200, 46, 'Noel Pfannerstill DVM', 'Sit eum libero velit vitae et vel. Ea ea ut dignissimos perferendis. Nisi ut sit quae odio optio nam optio. Quos recusandae iusto et et.', 4, '2019-05-01 13:24:34', '2019-05-01 13:24:34'),
(201, 26, 'Ivah Feest', 'Aspernatur est voluptate aliquid necessitatibus natus vel. Voluptate iusto asperiores aut corporis nemo voluptatem nemo illo. Ut maiores perferendis excepturi omnis. Repellendus vero nihil quos quo est et illo ut. Est deserunt iste molestiae eveniet ipsam ut.', 2, '2019-05-01 13:24:34', '2019-05-01 13:24:34'),
(202, 50, 'Grayson Morar II', 'Aspernatur minus aut consequatur porro sed et. Placeat eum iusto et et odit quidem. Omnis quae recusandae nobis reprehenderit. Neque perspiciatis accusamus officia quaerat.', 4, '2019-05-01 13:24:34', '2019-05-01 13:24:34'),
(203, 34, 'Donny Collins', 'Sequi modi inventore qui vitae impedit nesciunt eum quia. Natus et aliquid qui neque molestiae. Dolore aliquid impedit a sint quia.', 1, '2019-05-01 13:24:34', '2019-05-01 13:24:34'),
(204, 73, 'Freida Schumm', 'Nulla quia sit rerum laboriosam amet. Quas quas ea ratione mollitia. Et quo est eligendi et sapiente iure quisquam. Impedit doloremque ut doloribus placeat aut dolores.', 4, '2019-05-01 13:24:34', '2019-05-01 13:24:34'),
(205, 78, 'Leone Donnelly', 'Qui officia veritatis in dolore quos explicabo iure dolorum. Consequatur nulla cum nesciunt reiciendis sint placeat odit ea. Voluptatibus quae laborum eligendi enim nostrum est. Omnis rerum illo labore ut.', 2, '2019-05-01 13:24:34', '2019-05-01 13:24:34'),
(206, 62, 'Cedrick Cassin', 'Molestiae laboriosam qui officiis sequi. Sint aut qui est natus. Veritatis qui repellat quia rerum quibusdam. Et delectus nemo fuga doloribus reiciendis. Eos nostrum nostrum ullam non.', 3, '2019-05-01 13:24:34', '2019-05-01 13:24:34'),
(207, 3, 'Kaylah Mohr', 'Inventore ratione eligendi et sunt enim. Aut voluptates occaecati tenetur possimus et. Blanditiis molestiae commodi sed.', 3, '2019-05-01 13:24:34', '2019-05-01 13:24:34');
INSERT INTO `reviews` (`id`, `product_id`, `customer`, `review`, `star`, `created_at`, `updated_at`) VALUES
(208, 83, 'Lyric Parisian I', 'Mollitia rerum repellendus quo consequatur praesentium architecto corrupti fuga. Id consectetur necessitatibus expedita mollitia suscipit tempore voluptatem.', 3, '2019-05-01 13:24:34', '2019-05-01 13:24:34'),
(209, 27, 'Rita Langosh', 'Eos distinctio ut quasi rem quibusdam quod tempore. Et tempora veniam id fuga fuga non. Et et dolor voluptatem sit. Dolor iusto quod deleniti et.', 5, '2019-05-01 13:24:34', '2019-05-01 13:24:34'),
(210, 7, 'Makenzie Simonis', 'Dicta qui atque quo sit consectetur. Non quibusdam est dicta harum incidunt. Quia nihil voluptate ullam ipsum.', 3, '2019-05-01 13:24:34', '2019-05-01 13:24:34'),
(211, 50, 'Katlynn Beahan', 'Repellat a et tempore quas deserunt libero quia. Et facere quo tempore repellat harum. Ut facilis quo mollitia omnis voluptatibus sed. Vitae quisquam repellat sequi esse neque iste. Adipisci et deleniti pariatur sunt at.', 5, '2019-05-01 13:24:34', '2019-05-01 13:24:34'),
(212, 8, 'Vidal Jenkins II', 'Est facilis quia voluptas asperiores odit aperiam dolores. Vel aut odio odio est. Libero ut molestiae quia placeat alias sint. Iusto quis a commodi itaque quisquam quam.', 4, '2019-05-01 13:24:34', '2019-05-01 13:24:34'),
(213, 92, 'Nick Stanton', 'A dolor voluptate recusandae necessitatibus ad. Fugit non eaque voluptatem deserunt.', 4, '2019-05-01 13:24:34', '2019-05-01 13:24:34'),
(214, 21, 'Reta Predovic PhD', 'Dolor unde corporis commodi sed. Corporis numquam nam dolorem excepturi laudantium et fugiat aut. Et voluptatem officia nihil amet eum dolorem.', 4, '2019-05-01 13:24:35', '2019-05-01 13:24:35'),
(215, 51, 'Prof. Orion Hermann', 'Saepe eos omnis sed iure enim voluptatem deleniti ab. Asperiores modi consequuntur et est repudiandae non aperiam. Ea ullam ex nisi et recusandae totam velit dolorum. Magnam rerum iure id est aspernatur consequuntur.', 4, '2019-05-01 13:24:35', '2019-05-01 13:24:35'),
(216, 80, 'Jena Adams', 'Omnis est et consequatur id pariatur eos. Est autem unde earum voluptatem. Eos iusto sit ut.', 4, '2019-05-01 13:24:35', '2019-05-01 13:24:35'),
(217, 27, 'Prof. Heaven Lebsack', 'Et porro enim aut corrupti excepturi quas quis asperiores. Quisquam non ut ut incidunt. Voluptas ea aperiam illum libero eum doloremque.', 2, '2019-05-01 13:24:35', '2019-05-01 13:24:35'),
(218, 14, 'Justice Haag', 'Consectetur nam voluptates aut eveniet corporis. Error tempore sed ducimus eaque at unde. Molestiae modi ut aut et. Et eos aut excepturi quas.', 4, '2019-05-01 13:24:35', '2019-05-01 13:24:35'),
(219, 83, 'Mr. August Skiles III', 'Architecto laboriosam debitis distinctio nulla rerum quibusdam. Dolorum velit ipsam eos porro officiis odit. Accusamus velit sunt recusandae. Nihil ea aliquam odio in.', 5, '2019-05-01 13:24:35', '2019-05-01 13:24:35'),
(220, 51, 'Lina Gaylord', 'Labore magnam aut dicta blanditiis inventore. Nihil qui officiis nobis sapiente sed dolor sit architecto. Recusandae id nesciunt expedita et nulla quo.', 4, '2019-05-01 13:24:35', '2019-05-01 13:24:35'),
(221, 41, 'Vada McKenzie', 'Autem itaque labore sed magni. Porro molestias dolores quidem qui sunt est. Expedita voluptatem voluptates adipisci officia deleniti unde esse quasi.', 3, '2019-05-01 13:24:35', '2019-05-01 13:24:35'),
(222, 47, 'Hermina Pacocha MD', 'Omnis explicabo dolorum reiciendis sit optio. Nam facere iste dicta aut quos atque. Ut ut neque expedita eaque quidem. Dolorem doloribus perspiciatis excepturi natus incidunt.', 3, '2019-05-01 13:24:35', '2019-05-01 13:24:35'),
(223, 65, 'Dr. Velma Gibson PhD', 'Incidunt ad quo in ut. Quibusdam molestiae consequatur blanditiis modi corporis.', 1, '2019-05-01 13:24:35', '2019-05-01 13:24:35'),
(224, 46, 'Rahul Zemlak', 'Placeat culpa magni pariatur pariatur. Doloribus dolor ipsa fuga placeat nam debitis. Ad cupiditate explicabo porro eveniet numquam. Nisi sunt nobis vitae.', 2, '2019-05-01 13:24:35', '2019-05-01 13:24:35'),
(225, 96, 'Ms. Brielle Oberbrunner', 'Sed deserunt sapiente in at quo consequatur ea. Nostrum corrupti quo necessitatibus omnis. Quis qui deserunt assumenda nobis rerum sunt magni. Voluptas aut commodi nesciunt.', 2, '2019-05-01 13:24:35', '2019-05-01 13:24:35'),
(226, 65, 'Emmy Roberts Jr.', 'Quis ipsam dolores assumenda. Quae ad molestias accusamus quasi aut. Fugit alias pariatur animi libero.', 3, '2019-05-01 13:24:35', '2019-05-01 13:24:35'),
(227, 90, 'Miss Alberta Treutel Jr.', 'Aut neque et sit voluptate distinctio. A voluptas perferendis in nulla dolores. At quo error enim nesciunt.', 1, '2019-05-01 13:24:35', '2019-05-01 13:24:35'),
(228, 60, 'Loma Bins', 'Omnis perferendis ullam delectus hic dolorem est. Illo distinctio aut dolor id sequi. Ut reiciendis ratione voluptas aperiam rerum enim. Recusandae rerum pariatur id voluptas aut. Minus dolor mollitia temporibus eius dicta vero quo.', 2, '2019-05-01 13:24:35', '2019-05-01 13:24:35'),
(229, 31, 'Mrs. Noemi Treutel DVM', 'Aliquid eveniet rerum architecto et natus quia id. Saepe optio consequatur repudiandae sit similique inventore at. Minus itaque vel aut necessitatibus quia.', 3, '2019-05-01 13:24:36', '2019-05-01 13:24:36'),
(230, 57, 'Lempi Lebsack V', 'Maxime voluptatem quos ut rerum labore vel. Et repudiandae quia rerum iste. Nobis id in quidem officiis voluptatum suscipit. Ullam impedit non modi ut dolores.', 1, '2019-05-01 13:24:36', '2019-05-01 13:24:36'),
(231, 57, 'Dr. Christophe Jakubowski', 'Consequatur aliquid necessitatibus esse. Dolore quia blanditiis officiis quia porro inventore. Deleniti laboriosam optio asperiores ipsa minus autem. Ut nostrum eaque aut molestiae et aspernatur.', 2, '2019-05-01 13:24:36', '2019-05-01 13:24:36'),
(232, 86, 'Elinor Sanford', 'Perspiciatis mollitia possimus quibusdam iusto. Sunt ratione quas dolore doloribus reiciendis soluta omnis. Magni incidunt sequi qui. Molestias et aut ea nemo ipsa veniam totam. Eaque porro aut quia nihil illo.', 4, '2019-05-01 13:24:36', '2019-05-01 13:24:36'),
(233, 95, 'Miss Neoma Toy I', 'Illum quisquam illo accusamus dolor. Cumque itaque aut nulla sit maiores dolorem.', 5, '2019-05-01 13:24:36', '2019-05-01 13:24:36'),
(234, 68, 'Gilda Stehr', 'Ea labore accusantium voluptas illum. Numquam tenetur et eligendi voluptatibus. Qui vitae temporibus amet et a magni ut.', 5, '2019-05-01 13:24:36', '2019-05-01 13:24:36'),
(235, 7, 'Jessica Heidenreich', 'Ducimus aut perspiciatis vero et alias tempore. Sed qui sit hic reprehenderit architecto dolores quisquam. Voluptatem et ipsa magnam quaerat error ratione laborum.', 2, '2019-05-01 13:24:36', '2019-05-01 13:24:36'),
(236, 91, 'Griffin Dickens I', 'Iste voluptas quia odit architecto totam. Vero quidem rerum atque illum debitis commodi. Animi veritatis explicabo a maiores voluptatem. Excepturi consequatur consequuntur rem. Molestiae in et eos natus est.', 3, '2019-05-01 13:24:36', '2019-05-01 13:24:36'),
(237, 40, 'Ernestina Boyle', 'Iure nesciunt odit dolores. Et voluptatem vel debitis. Facilis soluta reiciendis et assumenda tenetur dignissimos.', 2, '2019-05-01 13:24:36', '2019-05-01 13:24:36'),
(238, 7, 'Bonnie McCullough DDS', 'Eos quasi aut reiciendis minus eos sit possimus. Earum voluptatibus quia vitae debitis atque distinctio. Dolore quo sed soluta neque deserunt. Ullam totam ex quis molestiae et voluptatem nemo. Reiciendis tempora dolores unde reiciendis cupiditate officiis laboriosam.', 3, '2019-05-01 13:24:36', '2019-05-01 13:24:36'),
(239, 72, 'Miss Otilia Douglas III', 'Ut ipsum adipisci et hic vitae officiis. Consequatur mollitia officiis et rem qui. Ad et excepturi similique et sit incidunt adipisci.', 1, '2019-05-01 13:24:36', '2019-05-01 13:24:36'),
(240, 81, 'Syble Auer', 'Sed in quas assumenda qui odio. Qui qui officia quidem nihil eligendi sit harum. Autem debitis blanditiis laboriosam et. Optio ipsam minus placeat impedit molestiae et sequi.', 3, '2019-05-01 13:24:36', '2019-05-01 13:24:36'),
(241, 13, 'Mr. Frankie Cremin', 'Odit tempora recusandae quis adipisci aut sit. Illum temporibus et quos assumenda maiores nobis. Pariatur omnis fugit voluptas eum sit quas.', 3, '2019-05-01 13:24:36', '2019-05-01 13:24:36'),
(242, 17, 'Vincenzo Sawayn', 'Molestias laboriosam nihil impedit repellendus adipisci. Sint officiis non ut sit qui quia. Dolor ut expedita voluptatem ut tenetur.', 4, '2019-05-01 13:24:36', '2019-05-01 13:24:36'),
(243, 49, 'Chelsie Flatley', 'Repellat doloribus harum enim sapiente veniam molestiae aut. Sequi est perferendis quis. Perspiciatis aperiam amet enim itaque quia assumenda eos sequi. A quibusdam optio ut dolorem temporibus ut possimus aut.', 2, '2019-05-01 13:24:36', '2019-05-01 13:24:36'),
(244, 8, 'Danielle Ratke Jr.', 'Neque mollitia voluptatibus esse suscipit id vero est iste. Mollitia eaque sequi eos omnis beatae sit pariatur. Sint quia maxime aut ex. Quas dolor et dolores temporibus.', 3, '2019-05-01 13:24:37', '2019-05-01 13:24:37'),
(245, 19, 'Andrew Konopelski', 'Ut temporibus deserunt est rerum error aspernatur officia. Et aut doloremque praesentium animi. Possimus ea est non. Ab libero possimus officia et quis. Deleniti voluptatem iusto amet quia.', 5, '2019-05-01 13:24:37', '2019-05-01 13:24:37'),
(246, 98, 'Ms. Zaria Lakin', 'Qui et eveniet laborum reiciendis. Maiores beatae est voluptatem quaerat ut. Accusamus odio quibusdam enim ut corporis est. Saepe eius sint impedit totam.', 1, '2019-05-01 13:24:37', '2019-05-01 13:24:37'),
(247, 43, 'Wilbert Powlowski', 'Debitis nulla et vel sint sint ipsum ducimus. Inventore recusandae corrupti at ipsum qui et. Autem ea sequi pariatur et.', 5, '2019-05-01 13:24:37', '2019-05-01 13:24:37'),
(248, 21, 'Newell Becker', 'Aspernatur a quos facere consequatur excepturi atque ea. Facere sapiente temporibus aperiam corporis minima accusantium dolorem. Dolor laudantium veritatis sunt sapiente aut praesentium omnis.', 4, '2019-05-01 13:24:37', '2019-05-01 13:24:37'),
(249, 88, 'Leila Kulas', 'In dolore quaerat incidunt ut. Nemo dolore eum odit asperiores. Non quia et rerum consequatur. Exercitationem ut soluta distinctio rerum sunt. Vero placeat ut fugit aspernatur ipsa perferendis minus.', 1, '2019-05-01 13:24:37', '2019-05-01 13:24:37'),
(250, 9, 'Kameron Larkin', 'Ut et similique optio quis neque doloribus porro. Quis veritatis excepturi reprehenderit aut. Unde sed consectetur in dolor nisi consequatur.', 2, '2019-05-01 13:24:37', '2019-05-01 13:24:37'),
(251, 85, 'Avery Sanford', 'Ex corporis ad autem dolorem nesciunt. Vel quia assumenda consequatur nulla magnam molestiae praesentium. Velit dolorum quo quis.', 2, '2019-05-01 13:24:37', '2019-05-01 13:24:37'),
(252, 19, 'Mr. Everardo Stracke', 'Quis incidunt harum eum illum quibusdam est animi. Ipsa voluptas quis quibusdam dicta consectetur. At et perferendis id possimus.', 2, '2019-05-01 13:24:37', '2019-05-01 13:24:37'),
(253, 12, 'Jimmie Hintz PhD', 'Ea velit est animi fuga cumque totam. Delectus dignissimos non magni iusto. Rerum qui ea sint tempora deserunt voluptas quisquam cumque. Eos aspernatur quod architecto perspiciatis.', 5, '2019-05-01 13:24:37', '2019-05-01 13:24:37'),
(254, 88, 'Barrett Ebert', 'Ipsum voluptatem atque est. Ut quibusdam recusandae sit illo et commodi. Ipsam harum recusandae quia odio sit.', 1, '2019-05-01 13:24:37', '2019-05-01 13:24:37'),
(255, 59, 'Darlene Cormier', 'Tenetur libero ea quis ut labore a expedita. Quibusdam dolor debitis vel repellendus pariatur. Id voluptate dolores blanditiis odit earum illum error.', 2, '2019-05-01 13:24:37', '2019-05-01 13:24:37'),
(256, 6, 'Shakira Kreiger', 'Omnis animi perferendis qui aperiam. Repellendus quidem rem eveniet quasi accusantium et ullam vel. Sit libero repellat sequi vitae delectus quo id.', 4, '2019-05-01 13:24:37', '2019-05-01 13:24:37'),
(257, 17, 'Reyna Schmeler', 'Alias dignissimos accusantium aut assumenda doloribus. Aut vel fuga repudiandae sapiente labore odit debitis ipsam.', 3, '2019-05-01 13:24:37', '2019-05-01 13:24:37'),
(258, 54, 'Magnus Price', 'Ut sit corrupti consequatur exercitationem. Nihil quod iste dignissimos magnam. Aliquam veniam voluptas sit tenetur velit voluptas.', 3, '2019-05-01 13:24:38', '2019-05-01 13:24:38'),
(259, 94, 'Dr. Roma Hills', 'Accusantium quam temporibus a voluptate ut. Aperiam in laborum beatae est aperiam. Officia earum error est ratione. Eum ipsum cumque inventore ab id iure.', 5, '2019-05-01 13:24:38', '2019-05-01 13:24:38'),
(260, 60, 'Maddison Bailey', 'Dolor ut voluptatem accusamus. Consequuntur qui aut quas officia exercitationem. Tempora id dicta rem nihil aut voluptatem. Beatae quia esse vitae animi consequuntur minus.', 5, '2019-05-01 13:24:38', '2019-05-01 13:24:38'),
(261, 51, 'Mrs. Maeve D\'Amore', 'Ut eum facilis placeat provident quia. Cupiditate neque sint nobis sunt autem. Rem sint debitis aliquid sapiente excepturi officia.', 3, '2019-05-01 13:24:38', '2019-05-01 13:24:38'),
(262, 39, 'Mr. Vidal Hills', 'Ab ea rerum ipsa vitae eum nesciunt repudiandae. Blanditiis magni eaque magnam eligendi reprehenderit in dignissimos. In neque corporis ut est animi corrupti similique. Accusamus sint quo commodi quia odit voluptatum saepe. Sit voluptas sed voluptatum sed quibusdam.', 4, '2019-05-01 13:24:38', '2019-05-01 13:24:38'),
(263, 29, 'Kamryn Rogahn', 'At rerum fugiat et perspiciatis et. Quidem sint ab aut consequatur culpa expedita enim. Sunt assumenda et quibusdam ipsum. Praesentium dolorem minima facilis non.', 1, '2019-05-01 13:24:38', '2019-05-01 13:24:38'),
(264, 98, 'Muriel Ferry', 'Occaecati beatae aliquid voluptatibus dolor nesciunt. Illum et ex expedita rerum.', 4, '2019-05-01 13:24:38', '2019-05-01 13:24:38'),
(265, 75, 'Dr. Oswaldo Smith', 'Exercitationem saepe sed et dolore reprehenderit excepturi. In temporibus atque quod voluptatibus nihil omnis. Dolore consequatur nihil adipisci maiores.', 4, '2019-05-01 13:24:38', '2019-05-01 13:24:38'),
(266, 46, 'Lesley Skiles Jr.', 'Quia omnis aut explicabo officia. Ipsa eum aut quia eos repudiandae vel ut. Voluptatibus hic et autem atque molestiae. Maiores dolores enim ut.', 1, '2019-05-01 13:24:38', '2019-05-01 13:24:38'),
(267, 47, 'Constance Schaden MD', 'Minima quas nisi est consequatur ea perferendis. Accusamus minus delectus cupiditate aut itaque. Voluptas amet vel quo magnam hic cumque aut. Ullam voluptate aut facere rem nisi.', 1, '2019-05-01 13:24:38', '2019-05-01 13:24:38'),
(268, 14, 'Dr. Sarina Durgan', 'Unde quibusdam adipisci occaecati eaque. Quod ipsa eius debitis voluptatem et alias. Et at officiis est ut perferendis aut qui.', 5, '2019-05-01 13:24:38', '2019-05-01 13:24:38'),
(269, 38, 'Prof. Marvin Stroman', 'Voluptatibus facere iusto illo. Molestiae eos debitis fuga esse ut pariatur. Odit sint laborum voluptatibus quia necessitatibus distinctio. Illum eaque provident ut natus unde iusto ex est.', 3, '2019-05-01 13:24:38', '2019-05-01 13:24:38'),
(270, 57, 'Dr. Jeanette Oberbrunner', 'Culpa et esse omnis dolore ea qui quod. Eveniet quaerat quia occaecati qui dicta tenetur quam fugit. Sed voluptas tenetur odit deleniti adipisci quibusdam aut.', 2, '2019-05-01 13:24:38', '2019-05-01 13:24:38'),
(271, 35, 'Mae Bartell', 'Esse vitae est debitis voluptatem facilis. Quasi molestias nulla sunt natus laborum. Earum sunt consequuntur hic dolorem. Totam quia enim ipsa dolor velit praesentium hic.', 1, '2019-05-01 13:24:38', '2019-05-01 13:24:38'),
(272, 86, 'Ms. Elinor Ebert', 'Culpa repellat omnis et commodi. Error a in architecto accusantium voluptatem temporibus. Atque repellat error repudiandae aliquid corrupti non cumque. Pariatur quo ut dolorum explicabo et assumenda.', 5, '2019-05-01 13:24:38', '2019-05-01 13:24:38'),
(273, 87, 'Mr. Ron Marquardt', 'Quidem eos earum et at. Sit sed veritatis consequatur laborum sint. Eos provident excepturi similique voluptatem rerum sequi quo.', 2, '2019-05-01 13:24:39', '2019-05-01 13:24:39'),
(274, 34, 'Lura Kovacek', 'Dolorum voluptatem ratione omnis incidunt. Ad soluta voluptates tempora incidunt iusto ex minus occaecati. Ab nostrum nihil possimus. Architecto unde sint atque tempore sunt architecto rerum.', 4, '2019-05-01 13:24:39', '2019-05-01 13:24:39'),
(275, 30, 'Kurt Dibbert', 'Officia et aut et tempora unde nisi et voluptatem. Dicta aut ut repellendus.', 3, '2019-05-01 13:24:39', '2019-05-01 13:24:39'),
(276, 12, 'Brielle Boehm', 'Molestias velit facilis est eos placeat. Fugiat culpa delectus quis deserunt est. Temporibus earum in natus aut omnis. Quia omnis eius quaerat explicabo corrupti molestiae molestiae.', 5, '2019-05-01 13:24:39', '2019-05-01 13:24:39'),
(277, 61, 'Dr. Otto Wunsch MD', 'Laborum cumque assumenda est voluptatem. Fugit voluptas dolor quia et nisi consequuntur facilis. Quia ut ratione aut facere cupiditate voluptas consequuntur laudantium. Sit consectetur architecto dolores itaque blanditiis.', 3, '2019-05-01 13:24:39', '2019-05-01 13:24:39'),
(278, 47, 'Nya Adams', 'Sint aut eligendi eius quas commodi qui error. Et earum non non qui quisquam nobis.', 4, '2019-05-01 13:24:39', '2019-05-01 13:24:39'),
(279, 33, 'Johanna Lynch V', 'Pariatur voluptas consequatur labore perferendis. Dolorum corporis vitae quis excepturi.', 2, '2019-05-01 13:24:39', '2019-05-01 13:24:39'),
(280, 43, 'Sandrine McCullough', 'Dolores soluta et consequatur blanditiis id quis. Sed voluptas nisi rerum deleniti autem. Quasi earum qui quisquam vel. Quae unde temporibus et. Magni nostrum est illo voluptates.', 4, '2019-05-01 13:24:39', '2019-05-01 13:24:39'),
(281, 29, 'Dr. Easter Von DDS', 'Consequatur consectetur dolores porro id suscipit nihil. Qui nobis eius quia sequi perferendis delectus ducimus ipsam. Officiis sunt mollitia enim omnis saepe doloremque ab dolorem.', 2, '2019-05-01 13:24:39', '2019-05-01 13:24:39'),
(282, 25, 'Mr. Dagmar Yundt', 'Veritatis corrupti eaque harum dolore. Maiores itaque aut tempore natus magni error. Vitae cum aut expedita aut sed eaque.', 4, '2019-05-01 13:24:39', '2019-05-01 13:24:39'),
(283, 59, 'Maud Wintheiser', 'Laudantium aut qui expedita fugiat distinctio. Maiores quaerat error incidunt eum autem. Voluptas enim qui consequatur consequatur autem quibusdam. Nihil fuga non animi nihil tenetur dolores dolores.', 5, '2019-05-01 13:24:39', '2019-05-01 13:24:39'),
(284, 72, 'Rosie Kreiger', 'Inventore sunt molestiae fuga tempore ducimus corporis. Fugiat et suscipit fugit sequi. Impedit debitis voluptas ut rem nesciunt et veritatis quia.', 5, '2019-05-01 13:24:39', '2019-05-01 13:24:39'),
(285, 16, 'Anya Yost', 'Occaecati aut tenetur reprehenderit qui. Aut aut dolorum deleniti voluptatem facere.', 2, '2019-05-01 13:24:39', '2019-05-01 13:24:39'),
(286, 6, 'Ms. Maybell Considine Sr.', 'Consequuntur quaerat sint molestias sit. Inventore maxime id molestiae vel mollitia sed explicabo. Commodi soluta quam sit earum. Vero sint quia vero quisquam reprehenderit dolorum.', 3, '2019-05-01 13:24:39', '2019-05-01 13:24:39'),
(287, 4, 'Megane Quigley', 'Unde laboriosam officiis est doloribus. Quae ut enim cupiditate numquam. Assumenda eos nulla voluptatem accusantium voluptas.', 4, '2019-05-01 13:24:39', '2019-05-01 13:24:39'),
(288, 27, 'Prof. Lowell Windler III', 'Ad aut doloremque soluta. Dicta dolorum est ipsum impedit nihil excepturi. Sunt accusamus aut quod iure excepturi.', 3, '2019-05-01 13:24:40', '2019-05-01 13:24:40'),
(289, 26, 'Roel Smith', 'Quia explicabo totam est dignissimos odio mollitia eaque. Aut odit est sed voluptate minima est. Cumque quisquam pariatur enim natus.', 4, '2019-05-01 13:24:40', '2019-05-01 13:24:40'),
(290, 7, 'Bailee Kuphal II', 'Atque quod mollitia voluptatem quia nulla. Nobis ut quam aperiam quo. Unde possimus aut voluptatem aut ad tempora. Atque quas assumenda odio fugiat eum.', 4, '2019-05-01 13:24:40', '2019-05-01 13:24:40'),
(291, 64, 'Mr. Jamir Weissnat', 'Sit optio vel accusamus placeat. Laboriosam est praesentium aperiam eius molestiae non. Autem ullam et quam sunt rem enim accusamus officiis.', 1, '2019-05-01 13:24:40', '2019-05-01 13:24:40'),
(292, 7, 'Veronica Upton', 'Asperiores accusantium sunt doloribus hic ut pariatur quidem. Eligendi dicta recusandae facere et ut fugit nisi. Iure aliquid explicabo id.', 5, '2019-05-01 13:24:40', '2019-05-01 13:24:40'),
(293, 33, 'Mr. Nestor Howell DDS', 'Facere soluta est beatae. Ut qui praesentium provident laboriosam. Maxime sunt at voluptas libero dolorem. Nihil beatae a aut facere itaque possimus perferendis.', 2, '2019-05-01 13:24:40', '2019-05-01 13:24:40'),
(294, 18, 'Prof. Mattie Wintheiser MD', 'Aut nisi mollitia eos. Omnis fuga facere eum ad sed expedita. Eligendi fuga consectetur modi accusamus consequatur itaque aut. Dolor praesentium quas soluta voluptatem quia ut tempore fuga.', 1, '2019-05-01 13:24:40', '2019-05-01 13:24:40'),
(295, 72, 'Mya Rice DVM', 'Ex ipsam nesciunt in. Nobis quasi esse eum numquam deserunt aliquam. Dicta est quo est facilis. Omnis sed fugit necessitatibus hic voluptatem aperiam nulla.', 1, '2019-05-01 13:24:40', '2019-05-01 13:24:40'),
(296, 89, 'Dr. Jaden D\'Amore', 'Rerum voluptatem velit iure necessitatibus. Quia ducimus saepe hic autem quo laboriosam. Dolorem dolore dolorum consequatur tempore ut sint enim.', 3, '2019-05-01 13:24:40', '2019-05-01 13:24:40'),
(297, 42, 'Dr. Missouri Koepp', 'Praesentium corrupti et in ullam commodi omnis qui. Voluptate ex eos laborum et ipsam nihil qui. Aut cum ipsa qui voluptas excepturi.', 5, '2019-05-01 13:24:40', '2019-05-01 13:24:40'),
(298, 74, 'Mrs. Domenica Ruecker', 'Nam debitis nulla praesentium quis necessitatibus qui quia iure. Et nesciunt sint ipsum ipsum natus illo. Et placeat recusandae nesciunt porro est optio.', 2, '2019-05-01 13:24:40', '2019-05-01 13:24:40'),
(299, 59, 'Jamir Wisoky', 'Perspiciatis explicabo iste voluptatem nam. Quaerat ut accusamus magnam corporis ut repudiandae eaque sit. Omnis alias est libero est quam quia hic.', 2, '2019-05-01 13:24:40', '2019-05-01 13:24:40'),
(300, 44, 'Prof. Louie Kreiger', 'Autem quam in voluptatum excepturi sint. Sit culpa beatae ut dolore nisi veniam ex. Excepturi itaque exercitationem in cumque beatae. Eius animi molestiae cumque nisi provident neque. Doloribus unde non cupiditate eos at.', 1, '2019-05-01 13:24:40', '2019-05-01 13:24:40'),
(301, 56, 'Dr. Haleigh Pfeffer MD', 'Earum quam accusantium tenetur reiciendis harum sed quas. Deserunt optio ad consequatur veritatis sapiente dolor. Delectus voluptatem quis veritatis illo sint consequuntur consequatur. Ipsam omnis soluta voluptatem nam voluptatem dignissimos.', 1, '2019-05-01 13:24:40', '2019-05-01 13:24:40'),
(302, 80, 'Allen Herzog', 'Aut cupiditate eius minus non soluta rerum culpa. Facilis necessitatibus iste ipsum soluta laudantium minima dolorem. Inventore nemo occaecati laudantium occaecati sit libero.', 2, '2019-05-01 13:24:40', '2019-05-01 13:24:40');

-- --------------------------------------------------------

--
-- بنية الجدول `users`
--

CREATE TABLE `users` (
  `id` bigint(20) UNSIGNED NOT NULL,
  `name` varchar(191) COLLATE utf8mb4_unicode_ci NOT NULL,
  `email` varchar(191) COLLATE utf8mb4_unicode_ci NOT NULL,
  `email_verified_at` timestamp NULL DEFAULT NULL,
  `password` varchar(191) COLLATE utf8mb4_unicode_ci NOT NULL,
  `remember_token` varchar(100) COLLATE utf8mb4_unicode_ci DEFAULT NULL,
  `created_at` timestamp NULL DEFAULT NULL,
  `updated_at` timestamp NULL DEFAULT NULL
) ENGINE=InnoDB DEFAULT CHARSET=utf8mb4 COLLATE=utf8mb4_unicode_ci;

--
-- Indexes for dumped tables
--

--
-- Indexes for table `migrations`
--
ALTER TABLE `migrations`
  ADD PRIMARY KEY (`id`);

--
-- Indexes for table `password_resets`
--
ALTER TABLE `password_resets`
  ADD KEY `password_resets_email_index` (`email`);

--
-- Indexes for table `products`
--
ALTER TABLE `products`
  ADD PRIMARY KEY (`id`);

--
-- Indexes for table `reviews`
--
ALTER TABLE `reviews`
  ADD PRIMARY KEY (`id`);

--
-- Indexes for table `users`
--
ALTER TABLE `users`
  ADD PRIMARY KEY (`id`),
  ADD UNIQUE KEY `users_email_unique` (`email`);

--
-- AUTO_INCREMENT for dumped tables
--

--
-- AUTO_INCREMENT for table `migrations`
--
ALTER TABLE `migrations`
  MODIFY `id` int(10) UNSIGNED NOT NULL AUTO_INCREMENT, AUTO_INCREMENT=4;

--
-- AUTO_INCREMENT for table `products`
--
ALTER TABLE `products`
  MODIFY `id` bigint(20) UNSIGNED NOT NULL AUTO_INCREMENT, AUTO_INCREMENT=101;

--
-- AUTO_INCREMENT for table `reviews`
--
ALTER TABLE `reviews`
  MODIFY `id` bigint(20) UNSIGNED NOT NULL AUTO_INCREMENT, AUTO_INCREMENT=303;

--
-- AUTO_INCREMENT for table `users`
--
ALTER TABLE `users`
  MODIFY `id` bigint(20) UNSIGNED NOT NULL AUTO_INCREMENT;
COMMIT;

/*!40101 SET CHARACTER_SET_CLIENT=@OLD_CHARACTER_SET_CLIENT */;
/*!40101 SET CHARACTER_SET_RESULTS=@OLD_CHARACTER_SET_RESULTS */;
/*!40101 SET COLLATION_CONNECTION=@OLD_COLLATION_CONNECTION */;
